¿¤¥«§O,½Õ¬d¯¸_½s¸¹,½Õ¬d¯¸_¦aÂI,½Õ¬d¯¸_¼Î¸¹_K,½Õ¬d¯¸_¼Î¸¹_¦Ê¦ì¼Æ,½Õ¬d¯¸_®y¼Ð_¸g«×,½Õ¬d¯¸_®y¼Ð_½n«×,¸ô½u½s¸¹,°_¨´¦a¦W_°_ÂI,°_¨´¦a¦W_¨´ÂI,°_ÂI¼Î¸¹_K,°_ÂI¼Î¸¹_¦Ê¦ì¼Æ,¨´ÂI¼Î¸¹_K,¨´ÂI¼Î¸¹_¦Ê¦ì¼Æ,¦a§Î,¨½µ{(¤½¨½),¸ô­±¼e«×(¤½¤Ø),¤è¦V(©¹),¨®¹D§G³]_§Ö¨®¹D¼e«×(¤½¤Ø)_1,¨®¹D§G³]_§Ö¨®¹D¼e«×(¤½¤Ø)_2,¨®¹D§G³]_§Ö¨®¹D¼e«×(¤½¤Ø)_3,¨®¹D§G³]_§Ö¨®¹D¼e«×(¤½¤Ø)_4,¨®¹D§G³]_§Ö¨®¹D¼e«×(¤½¤Ø)_5,¨®¹D§G³]_¾÷ºC¨®¹D¼e«×(¤½¤Ø)_1,¨®¹D§G³]_¾÷ºC¨®¹D¼e«×(¤½¤Ø)_2,¨®¹D§G³]_¸ôªÓ¼e«×(¤½¤Ø),¦U¨®ºØ¨®½ø¼Æ(½ø/¤é)_¤p«¬¨®,¦U¨®ºØ¨®½ø¼Æ(½ø/¤é)_¤j«È¨®,¦U¨®ºØ¨®½ø¼Æ(½ø/¤é)_¤j³f¨®,¦U¨®ºØ¨®½ø¼Æ(½ø/¤é)_¥þÁpµ²¨®,¦U¨®ºØ¨®½ø¼Æ(½ø/¤é)_¥bÁpµ²¨®,¦U¨®ºØ¨®½ø¼Æ(½ø/¤é)_¾÷¨®,¦U¨®ºØ¨®½ø¼Æ(½ø/¤é)_¦X­p,Á`­p_¬y¶q(PCU),Á`­p_¨®¤½¨½,¦y®p¤p®É_¥æ³q¶q(PCU),¦y®p¤p®É_®É¬q_°_,¦y®p¤p®É_®É¬q_¨´,¤è¦V«Y¼Æ,³Æµù
¶³ªL¿¤,V-01,¦èÁ³,229,500,E120.47163,N23.79468,¥x1½u,·Ë¦{¤j¾ô«nºÝ,Ûl®ä,227,963,233,100,¥­­ì°Ï,5.10,21.0,¥_,3.5,3.5,,,,2.5,,1.0,"3,305",14,267,14,131,598,"4,329","4,581","22,078",520,17,18,0.53,¤é
¶³ªL¿¤,V-01,¦èÁ³,229,500,E120.47163,N23.79468,¥x1½u,·Ë¦{¤j¾ô«nºÝ,Ûl®ä,227,963,233,100,¥­­ì°Ï,5.10,21.0,«n,3.5,3.5,,,,2.5,,1.0,"3,074",21,272,10,157,658,"4,192","4,476","21,379",464,7,8,0.53,¤é
¶³ªL¿¤,V-02,·sªê§À·Ë¾ô,234,200,E120.496968,N23.750205,¥x1½u,Ûl®ä,´f¨Ó­í,233,100,236,400,¥­­ì°Ï,3.30,21.8,¥_,3.7,3.7,,,,3.0,,0.5,"3,653",15,148,1,103,"1,650","5,570","5,365","18,381",716,17,18,0.52,¤é
¶³ªL¿¤,V-02,·sªê§À·Ë¾ô,234,200,E120.496968,N23.750205,¥x1½u,Ûl®ä,´f¨Ó­í,233,100,236,400,¥­­ì°Ï,3.30,21.8,«n,3.7,3.7,,,,3.0,,0.5,"3,270",18,159,2,135,"1,867","5,451","5,254","17,988",659,7,8,0.52,¤é
¶³ªL¿¤,V-03,ªê§À·Ë¾ô,239,0,E120.483807,N23.709371,¥x1½u,´f¨Ó­í,¥_¶Õ¤l,236,400,240,900,¥­­ì°Ï,4.50,20.2,¥_,3.7,3.7,,,,2.2,,0.5,"3,935",26,193,2,155,"1,387","5,698","5,706","25,641",684,7,8,0.51,¥|
¶³ªL¿¤,V-03,ªê§À·Ë¾ô,239,0,E120.483807,N23.709371,¥x1½u,´f¨Ó­í,¥_¶Õ¤l,236,400,240,900,¥­­ì°Ï,4.50,20.2,«n,3.7,3.7,,,,2.2,,0.5,"4,237",18,154,1,122,"1,328","5,860","5,794","26,370",652,17,18,0.51,¥|
¶³ªL¿¤,V-04,¥Û¤û·Ë¾ô,241,500,E120.480632,N23.685332,¥x1½u,¥_¶Õ¤l,¤æ«n,240,900,245,300,¥­­ì°Ï,4.40,26.2,¥_,3.5,3.5,3.5,,,2.2,,0.4,"11,374",85,175,2,73,"5,825","17,534","16,068","77,150","1,782",17,18,0.53,¥|
¶³ªL¿¤,V-04,¥Û¤û·Ë¾ô,241,500,E120.480632,N23.685332,¥x1½u,¥_¶Õ¤l,¤æ«n,240,900,245,300,¥­­ì°Ï,4.40,26.2,«n,3.5,3.5,3.5,,,2.2,,0.4,"11,580",75,221,2,65,"5,806","17,749","16,290","78,096","1,606",7,8,0.53,¥|
¶³ªL¿¤,V-05,Â×¥Ð¤u·~°Ï,247,500,E120.471297,N23.648533,¥x1½u,¤æ«n,¶³¹Å¿¤¬É,245,300,248,411,¥­­ì°Ï,3.10,22.6,¥_,3.7,3.7,,,,2.4,,1.5,"6,618",65,285,6,143,"2,279","9,396","9,186","29,128",847,17,18,0.51,¥|
¶³ªL¿¤,V-05,Â×¥Ð¤u·~°Ï,247,500,E120.471297,N23.648533,¥x1½u,¤æ«n,¶³¹Å¿¤¬É,245,300,248,411,¥­­ì°Ï,3.10,22.6,«n,3.7,3.7,,,,2.4,,1.5,"6,602",52,200,3,134,"2,825","9,816","9,369","30,430",882,17,18,0.51,¥|
¹Å¸q¿¤,V-06,¤TÅ|·Ë¾ô,253,300,E120.44403,N23.59072,¥x1½u,¶³¹Å¿¤¬É,¥Á¶¯,248,411,257,386,¥­­ì°Ï,9.00,20.8,¥_,3.7,3.7,,,,2.0,,1.0,"5,594",68,131,1,40,"3,772","9,606","8,656","86,454","1,012",17,18,0.60,¥|
¹Å¸q¿¤,V-06,¤TÅ|·Ë¾ô,253,300,E120.44403,N23.59072,¥x1½u,¶³¹Å¿¤¬É,¥Á¶¯,248,411,257,386,¥­­ì°Ï,9.00,20.8,«n,3.7,3.7,,,,2.0,,1.0,"6,578",98,389,30,136,"3,610","10,841","10,334","97,569","1,521",15,16,0.60,¥|
¹Å¸q¿¤,V-07,§d»ñ¤u±M,260,0,E120.43619,N23.53644,¥x1½u,¥Á¶¯,¹Å¸q¿¤¥«¥_¬É,257,386,261,632,¥­­ì°Ï,4.20,29.2,¥_,3.5,3.5,3.5,,,2.0,,2.1,"11,354",142,224,16,168,"7,668","19,572","17,823","82,202","1,775",17,18,0.55,¥|
¹Å¸q¿¤,V-07,§d»ñ¤u±M,260,0,E120.43619,N23.53644,¥x1½u,¥Á¶¯,¹Å¸q¿¤¥«¥_¬É,257,386,261,632,¥­­ì°Ï,4.20,29.2,«n,3.5,3.5,3.5,,,2.0,,2.1,"11,258",151,273,16,178,"7,274","19,150","17,569","80,430","1,479",7,8,0.55,¥|
¹Å¸q¥«,V-08,«á´ò,264,300,E120.45036,N23.50000,¥x1½u,¹Å¸q¿¤¥«¥_¬É,³ÕªF¸ô,261,632,265,238,¥­­ì°Ï,3.60,32.2,¥_,3.5,3.5,3.5,,,2.8,,2.8,"19,778",266,196,3,32,"14,437","34,712","30,682","124,963","2,902",17,18,0.56,¥|
¹Å¸q¥«,V-08,«á´ò,264,300,E120.45036,N23.50000,¥x1½u,¹Å¸q¿¤¥«¥_¬É,³ÕªF¸ô,261,632,265,238,¥­­ì°Ï,3.60,32.2,«n,3.5,3.5,3.5,,,2.8,,2.8,"20,778",238,269,7,71,"14,800","36,163","32,133","130,187","3,728",7,8,0.56,¥|
¹Å¸q¥«,V-09,³Õ·R¸ô,267,600,E120.43871,N23.48060,¥x1½u,³ÕªF¸ô,¥_´ä¸ô,265,238,267,864,¥­­ì°Ï,2.60,21.0,¥_,3.5,3.5,,,,2.0,,1.5,"7,061",51,79,0,16,"7,718","14,925","12,708","38,805","1,117",17,18,0.56,¤é
¹Å¸q¥«,V-09,³Õ·R¸ô,267,600,E120.43871,N23.48060,¥x1½u,³ÕªF¸ô,¥_´ä¸ô,265,238,267,864,¥­­ì°Ï,2.60,21.0,«n,3.5,3.5,,,,2.0,,1.5,"5,353",64,58,0,4,"5,776","11,255","9,591","29,263",891,17,18,0.56,¤é
¹Å¸q¥«,V-10,´ä¤l©W,269,300,E120.42797,N23.46811,¥x1½u,¥_´ä¸ô,¹Å¸q¿¤¥««n¬É,267,864,269,847,¥­­ì°Ï,2.00,22.6,¥_,3.5,3.5,,,,2.4,,1.5,"8,191",88,71,0,22,"6,353","14,725","12,943","29,450","1,143",17,18,0.57,¤»
¹Å¸q¥«,V-10,´ä¤l©W,269,300,E120.42797,N23.46811,¥x1½u,¥_´ä¸ô,¹Å¸q¿¤¥««n¬É,267,864,269,847,¥­­ì°Ï,2.00,22.6,«n,3.5,3.5,,,,2.4,,2.3,"6,364",78,71,0,7,"4,762","11,282","9,942","22,564",865,7,8,0.57,¤»
¹Å¸q¿¤,V-11,¤ô¤W,272,400,E120.40892,N23.44582,¥x1½u,¹Å¸q¿¤¥««n¬É,¤ô¤W,269,847,273,895,¥­­ì°Ï,4.00,27.4,¥_,3.5,3.5,3.5,,,2.5,,0.7,"9,870",96,269,3,55,"5,055","15,348","14,131","61,392","1,577",17,18,0.57,¥|
¹Å¸q¿¤,V-11,¤ô¤W,272,400,E120.40892,N23.44582,¥x1½u,¹Å¸q¿¤¥««n¬É,¤ô¤W,269,847,273,895,¥­­ì°Ï,4.00,27.4,«n,3.5,3.5,3.5,,,2.5,,0.7,"9,065",107,258,3,55,"4,328","13,816","12,817","55,264","1,203",7,8,0.57,¥|
¹Å¸q¿¤,V-12,¤K´x·Ë¾ô,277,800,E120.38186,N23.40247,¥x1½u,¤ô¤W,¹Å«n¿¤¬É,273,895,278,183,¥­­ì°Ï,4.30,22.0,¥_,3.8,3.7,,,,2.8,,0.4,"5,689",46,234,6,68,"1,897","7,940","7,659","34,142",747,17,18,0.51,¥|
¹Å¸q¿¤,V-12,¤K´x·Ë¾ô,277,800,E120.38186,N23.40247,¥x1½u,¤ô¤W,¹Å«n¿¤¬É,273,895,278,183,¥­­ì°Ï,4.30,22.0,«n,3.8,3.7,,,,2.8,,1.0,"5,509",43,254,12,89,"1,982","7,889","7,645","33,923",715,17,18,0.51,¥|
¥x«n¥«,V-13,¥fªÙ¾ô,287,711,E120.33866,N23.32330,¥x1½u,¹Å«n¿¤¬É,·sÀç,278,183,289,759,¥­­ì°Ï,11.60,19.4,¥_,3.5,3.5,,,,2.0,,0.7,"6,103",78,187,8,179,"2,746","9,301","8,984","107,892",755,17,18,0.50,¤»
¥x«n¥«,V-13,¥fªÙ¾ô,287,711,E120.33866,N23.32330,¥x1½u,¹Å«n¿¤¬É,·sÀç,278,183,289,759,¥­­ì°Ï,11.60,19.4,«n,3.5,3.5,,,,2.0,,0.7,"6,345",76,134,2,149,"2,822","9,528","9,088","110,525",751,9,10,0.50,¤»
¥x«n¥«,V-14,·s¤å¾ô,296,63,E120.2272,N23.25988,¥x1½u,·sÀç,Àt¤l´ä,289,759,296,725,¥­­ì°Ï,7.00,28.0,¥_,3.5,3.5,,,,2.2,,4.8,"8,284",100,61,3,143,"4,612","13,203","12,192","92,421","1,257",7,8,0.54,¥|
¥x«n¥«,V-14,·s¤å¾ô,296,63,E120.2272,N23.25988,¥x1½u,·sÀç,Àt¤l´ä,289,759,296,725,¥­­ì°Ï,7.00,28.0,«n,3.5,3.5,,,,2.2,,4.8,"8,241",105,51,7,133,"4,073","12,610","11,747","88,270","1,066",17,18,0.54,¥|
¥x«n¥«,V-15,¶©¥Ð¾ô,303,319,E120.31547,N23.20058,¥x1½u,Àt¤l´ä,¶©¥Ð,296,725,304,374,¥­­ì°Ï,7.60,31.0,¥_,3.5,3.5,,,,4.0,,4.5,"5,173",43,54,1,96,"4,622","9,989","8,845","75,916","1,008",7,8,0.54,¥|
¥x«n¥«,V-15,¶©¥Ð¾ô,303,319,E120.31547,N23.20058,¥x1½u,Àt¤l´ä,¶©¥Ð,296,725,304,374,¥­­ì°Ï,7.60,31.0,«n,3.5,3.5,,,,4.0,,4.5,"5,318",47,47,0,107,"3,862","9,381","8,484","71,296",861,17,18,0.54,¥|
¥x«n¥«,V-16,´¿¤å·Ë¾ô,309,820,E120.33916,N23.15722,¥x1½u,¶©¥Ð,´¿¤å·Ë¾ô«nºÝ,304,374,310,274,¥­­ì°Ï,5.90,25.0,¥_,3.5,3.5,,,,2.0,,3.5,"6,884",44,348,18,152,"4,418","11,864","11,075","69,998","1,121",7,8,0.54,¥|
¥x«n¥«,V-16,´¿¤å·Ë¾ô,309,820,E120.33916,N23.15722,¥x1½u,¶©¥Ð,´¿¤å·Ë¾ô«nºÝ,304,374,310,274,¥­­ì°Ï,5.90,25.0,«n,3.5,3.5,,,,2.0,,3.5,"6,906",36,299,11,125,"4,235","11,612","10,782","68,511","1,328",7,8,0.54,¥|
¥x«n¥«,V-17,¤jÀç¾ô,314,800,E120.31842,N23.10917,¥x1½u,´¿¤å·Ë¾ô«nºÝ,·s¥«,310,274,318,0,¥­­ì°Ï,7.70,26.8,¥_,3.7,3.7,,,,4.5,,1.5,"5,380",93,385,21,355,"4,167","10,401","10,143","80,088","1,146",7,8,0.51,¥|
¥x«n¥«,V-17,¤jÀç¾ô,314,800,E120.31842,N23.10917,¥x1½u,´¿¤å·Ë¾ô«nºÝ,·s¥«,310,274,318,0,¥­­ì°Ï,7.70,26.8,«n,3.7,3.7,,,,4.5,,1.5,"5,345",100,325,21,265,"4,395","10,451","9,918","80,473","1,101",17,18,0.51,¥|
¥x«n¥«,V-18,°ªÅK¾ô¤U,321,800,E120.28794,N23.06549,¥x1½u,·s¥«,°ê¹D¢·,318,0,322,600,¥­­ì°Ï,4.60,29.0,¥_,3.5,3.5,3.5,,,2.0,,2.0,"9,677",65,80,18,236,"6,060","16,136","14,899","74,226","1,482",17,18,0.51,¥|
¥x«n¥«,V-18,°ªÅK¾ô¤U,321,800,E120.28794,N23.06549,¥x1½u,·s¥«,°ê¹D¢·,318,0,322,600,¥­­ì°Ï,4.60,29.0,«n,3.5,3.5,3.5,,,2.0,,2.0,"9,229",113,104,10,174,"5,165","14,795","13,723","68,057","1,518",7,8,0.51,¥|
¥x«n¥«,V-19,Â×¤Æ¾ô,323,300,E120.27621,N23.05767,¥x1½u,°ê¹D¢·,¦Ë¤l¾ô,322,600,324,800,¥­­ì°Ï,2.20,20.8,¥_,3.5,3.5,,,,2.0,,1.4,"10,982",105,489,25,396,"11,317","23,314","21,059","51,291","1,655",6,7,0.66,¥|
¥x«n¥«,V-19,Â×¤Æ¾ô,323,300,E120.27621,N23.05767,¥x1½u,°ê¹D¢·,¦Ë¤l¾ô,322,600,324,800,¥­­ì°Ï,2.20,20.8,«n,3.5,3.5,,,,2.0,,1.4,"11,047",97,550,43,391,"12,610","24,738","22,147","54,424","3,225",17,18,0.66,¥|
¥x«n¥«,V-20,çrªQ¾ô,326,200,E120.25414,N23.04192,¥x1½u,¦Ë¤l¾ô,¥Ã±d¥æ¬y¹D,324,800,326,200,¥­­ì°Ï,1.40,23.0,¥_,3.5,3.5,,,,2.0,,2.5,"16,852",103,807,81,568,"6,190","24,601","24,498","34,441","2,169",17,18,0.55,¥|
¥x«n¥«,V-20,çrªQ¾ô,326,200,E120.25414,N23.04192,¥x1½u,¦Ë¤l¾ô,¥Ã±d¥æ¬y¹D,324,800,326,200,¥­­ì°Ï,1.40,23.0,«n,3.5,3.5,,,,2.0,,2.5,"16,241",109,824,64,642,"5,245","23,125","23,431","32,375","1,744",17,18,0.55,¥|
¥x«n¥«,V-21,ÆQ¦æ¬£¥X©Ò,327,250,E120.24027,N23.04154,¥x1½u,¥Ã±d¥æ¬y¹D,¤»¥Ò³»,326,200,329,900,¥­­ì°Ï,3.70,20.0,¥_,3.5,3.5,,,,2.0,,1.0,"17,319",317,472,14,267,"9,792","28,181","26,200","104,270","2,039",17,18,0.52,¥|
¥x«n¥«,V-21,ÆQ¦æ¬£¥X©Ò,327,250,E120.24027,N23.04154,¥x1½u,¥Ã±d¥æ¬y¹D,¤»¥Ò³»,326,200,329,900,¥­­ì°Ï,3.70,20.0,«n,3.5,3.5,,,,2.0,,1.0,"16,687",275,497,12,265,"8,520","26,256","24,641","97,147","1,854",14,15,0.52,¥|
¥x«n¥«,V-22,ÅK¸ô¸ô¾ô,331,500,E120.22583,N23.01875,¥x1½u,¤»¥Ò³»,¥x¢±¢¯½u,329,900,331,700,¥­­ì°Ï,1.80,19.0,¥_,3.5,3.5,,,,2.0,,0.5,"16,670",186,233,0,36,"22,916","40,041","33,448","72,074","3,046",17,18,0.52,¥|
¥x«n¥«,V-22,ÅK¸ô¸ô¾ô,331,500,E120.22583,N23.01875,¥x1½u,¤»¥Ò³»,¥x¢±¢¯½u,329,900,331,700,¥­­ì°Ï,1.80,19.0,«n,3.5,3.5,,,,2.0,,0.5,"13,772",192,212,1,27,"22,869","37,073","30,470","66,731","2,763",7,8,0.52,¥|
¥x«n¥«,V-23,¤­¤ý¼q«e,333,300,E120.23406,N23.00814,¥x1½u,¥x¢±¢¯½u,ªFªù¸ô,331,700,333,800,¥­­ì°Ï,2.10,24.0,¥_,3.5,3.5,,,,2.0,,3.0,"13,826",111,112,0,15,"17,477","31,541","26,440","66,236","1,882",7,8,0.51,¥|
¥x«n¥«,V-23,¤­¤ý¼q«e,333,300,E120.23406,N23.00814,¥x1½u,¥x¢±¢¯½u,ªFªù¸ô,331,700,333,800,¥­­ì°Ï,2.10,24.0,«n,3.5,3.5,,,,2.0,,3.0,"12,647",90,139,0,22,"15,036","27,934","23,582","58,661","1,808",17,18,0.51,¥|
¥x«n¥«,V-24,Ãö«Ò¼q«e,335,850,E120.23289,N22.98497,¥x1½u,ªFªù¸ô,«á¥Ò¶êÀô,333,800,335,800,¥­­ì°Ï,2.00,23.0,¥_,3.5,3.5,,,,3.0,,1.5,"12,328",97,88,0,6,"12,920","25,439","21,668","50,878","2,007",17,18,0.54,¥|
¥x«n¥«,V-24,Ãö«Ò¼q«e,335,850,E120.23289,N22.98497,¥x1½u,ªFªù¸ô,«á¥Ò¶êÀô,333,800,335,800,¥­­ì°Ï,2.00,23.0,«n,3.5,3.5,,,,3.0,,1.5,"11,630",102,114,0,2,"11,018","22,866","19,673","45,732","1,741",7,8,0.54,¥|
¥x«n¥«,V-25,¤å¤Æ¤¤¤ß,337,450,E120.22144,N22.97389,¥x1½u,«á¥Ò¶êÀô,¤j¦P¸ô,335,800,337,700,¥­­ì°Ï,1.90,24.0,¥_,3.5,3.5,,,,3.0,,2.0,"11,211",101,67,0,28,"10,299","21,706","18,757","41,241","1,617",7,8,0.51,¥|
¥x«n¥«,V-25,¤å¤Æ¤¤¤ß,337,450,E120.22144,N22.97389,¥x1½u,«á¥Ò¶êÀô,¤j¦P¸ô,335,800,337,700,¥­­ì°Ï,1.90,24.0,«n,3.5,3.5,,,,3.0,,2.0,"10,317",82,68,0,33,"9,846","20,346","17,533","38,657","1,559",18,19,0.51,¥|
¥x«n¥«,V-26,¤û¸Y¥J,340,200,E120.21628,N22.96467,¥x1½u,¤j¦P¸ô,¥x¢·¢µ½u,337,700,343,0,¥­­ì°Ï,5.30,24.0,¥_,3.5,3.5,,,,3.0,,2.0,"13,218",150,249,1,56,"16,831","30,505","25,770","161,677","2,777",18,19,0.54,¥|
¥x«n¥«,V-26,¤û¸Y¥J,340,200,E120.21628,N22.96467,¥x1½u,¤j¦P¸ô,¥x¢·¢µ½u,337,700,343,0,¥­­ì°Ï,5.30,24.0,«n,3.5,3.5,,,,3.0,,2.0,"10,348",133,175,1,52,"9,576","20,285","17,673","107,511","2,352",7,8,0.54,¥|
¥x«n¥«,V-27,¤G¼h¦æ¾ô,344,560,E120.22597,N22.91694,¥x1½u,¥x¢·¢µ½u,°ª¶¯¥«¬É,343,0,344,949,¥­­ì°Ï,1.90,26.0,¥_,3.5,3.5,3.5,,,2.0,,0.5,"11,422",81,383,3,102,"11,658","23,649","20,595","44,933","2,282",7,8,0.53,¥|
¥x«n¥«,V-27,¤G¼h¦æ¾ô,344,560,E120.22597,N22.91694,¥x1½u,¥x¢·¢µ½u,°ª¶¯¥«¬É,343,0,344,949,¥­­ì°Ï,1.90,26.0,«n,3.5,3.5,3.5,,,2.0,,0.5,"10,801",82,373,8,101,"9,990","21,355","18,804","40,575","2,056",7,8,0.53,¥|
¶³ªL¿¤,V-28,·sºa¾ô,4,0,E120.519982,N23.730543,¥x1¤B½u,Ûl®ä,¤æ¤»,0,0,7,250,¥­­ì°Ï,7.20,16.8,¥_,3.7,3.7,,,,,,1.0,"7,946",120,202,10,192,"3,501","11,971","11,136","87,388","1,413",7,8,0.54,¥|
¶³ªL¿¤,V-28,·sºa¾ô,4,0,E120.519982,N23.730543,¥x1¤B½u,Ûl®ä,¤æ¤»,0,0,7,250,¥­­ì°Ï,7.20,16.8,«n,3.7,3.7,,,,,,1.0,"8,720",138,203,1,207,"3,623","12,892","12,030","94,112","1,191",17,18,0.54,¥|
¶³ªL¿¤,V-29,·s¥ú³°¾ô,12,750,E120.490098,N23.683992,¥x1¤B½u,¤æ¤»,¤æ«n,7,250,14,11,¥­­ì°Ï,6.80,19.4,¥_,3.5,3.5,,,,2.0,,0.4,"9,022",97,111,5,80,"4,370","13,685","12,649","93,058","1,395",7,8,0.52,¥|
¶³ªL¿¤,V-29,·s¥ú³°¾ô,12,750,E120.490098,N23.683992,¥x1¤B½u,¤æ¤»,¤æ«n,7,250,14,11,¥­­ì°Ï,6.80,19.4,«n,3.5,3.5,,,,2.0,,1.0,"8,279",84,141,6,73,"3,899","12,482","11,583","84,878","1,286",17,18,0.52,¥|
¶³ªL¿¤,V-30,¥_ªL¤º³°¾ô,239,500,E120.633538,N23.771975,¥x3½u,«n¶³¤j¾ô«nºÝ,ªL¤º,236,940,245,700,¥­­ì°Ï,8.80,16.1,¥_,3.7,3.7,,,,,,0.8,"2,416",7,68,2,65,573,"3,131","3,074","27,553",295,7,8,0.54,¥|
¶³ªL¿¤,V-30,¥_ªL¤º³°¾ô,239,500,E120.633538,N23.771975,¥x3½u,«n¶³¤j¾ô«nºÝ,ªL¤º,236,940,245,700,¥­­ì°Ï,8.80,16.1,«n,3.7,3.7,,,,,,0.5,"2,478",3,32,2,85,488,"3,088","3,085","27,174",347,17,18,0.54,¥|
¶³ªL¿¤,V-31,®üÂ×±[¾ô,249,0,E120.563930,N23.715370,¥x3½u,ªL¤º,¤æ¤»,245,700,253,200,¥­­ì°Ï,7.50,21.4,¥_,3.7,3.5,,,,2.0,,1.5,"9,556",47,219,3,21,"6,843","16,689","14,818","125,168","1,493",11,12,0.59,¤é
¶³ªL¿¤,V-31,®üÂ×±[¾ô,249,0,E120.563930,N23.715370,¥x3½u,ªL¤º,¤æ¤»,245,700,253,200,¥­­ì°Ï,7.50,21.4,«n,3.7,3.5,,,,2.0,,1.5,"9,942",59,234,7,25,"7,526","17,793","15,746","133,448","2,180",7,8,0.59,¤é
¶³ªL¿¤,V-32,¥õ¤s¾ô,255,750,E120.537725,N23.675210,¥x3½u,¤æ¤»,·¾Åò,253,200,256,700,¥­­ì°Ï,3.50,19.0,¥_,3.5,3.5,,,,,,2.5,"11,040",72,155,2,62,"2,739","14,070","13,216","49,245","1,310",14,15,0.52,¤é
¶³ªL¿¤,V-32,¥õ¤s¾ô,255,750,E120.537725,N23.675210,¥x3½u,¤æ¤»,·¾Åò,253,200,256,700,¥­­ì°Ï,3.50,19.0,«n,3.5,3.5,,,,,,2.5,"10,900",80,173,2,37,"2,993","14,185","13,193","49,648","1,411",12,13,0.52,¤é
¶³ªL¿¤,V-33,¥Ã¥ú,261,500,E120.549655,N23.625463,¥x3½u,·¾Åò,¥Ã¥ú,256,700,261,300,¥­­ì°Ï,4.60,20.4,¥_,3.5,3.5,,,,2.0,,1.0,"3,247",60,125,1,38,"1,079","4,550","4,397","20,930",562,15,16,0.53,¤é
¶³ªL¿¤,V-33,¥Ã¥ú,261,500,E120.549655,N23.625463,¥x3½u,·¾Åò,¥Ã¥ú,256,700,261,300,¥­­ì°Ï,4.60,20.4,«n,3.5,3.5,,,,2.6,,0.8,"2,858",71,101,1,45,918,"3,994","3,898","18,372",508,15,16,0.53,¤é
¶³ªL¿¤,V-34,¿³©÷°ê¤p,263,500,E120.53809,N23.61193,¥x3½u,¥Ã¥ú,¶³²»¾ô«nºÝ,261,300,265,998,¥­­ì°Ï,4.70,12.2,¥_,3.6,,,,,2.0,,0.5,"2,508",35,67,1,29,711,"3,351","3,158","15,750",372,17,18,0.61,¤é
¶³ªL¿¤,V-34,¿³©÷°ê¤p,263,500,E120.53809,N23.61193,¥x3½u,¥Ã¥ú,¶³²»¾ô«nºÝ,261,300,265,998,¥­­ì°Ï,4.70,12.2,«n,3.6,,,,,2.0,,0.5,"2,163",50,88,1,12,670,"2,984","2,813","14,025",236,17,18,0.61,¤é
¹Å¸q¿¤,V-35,§ÀÉÜ,267,508,E120.54088,N23.59025,¥x3½u,¶³¹Å¿¤¬É,±ö¤s,265,998,268,800,¥­­ì°Ï,2.80,11.8,¥_,3.4,,,,,2.2,,0.3,"6,237",66,250,0,5,"1,417","7,975","7,593","22,330",781,16,17,0.59,¤é
¹Å¸q¿¤,V-35,§ÀÉÜ,267,508,E120.54088,N23.59025,¥x3½u,¶³¹Å¿¤¬É,±ö¤s,265,998,268,800,¥­­ì°Ï,2.80,11.8,«n,3.4,,,,,2.2,,0.3,"5,989",67,195,0,9,"1,312","7,572","7,196","21,202",535,16,17,0.59,¤é
¹Å¸q¿¤,V-36,±ö¤s¥«³õ,269,165,E120.55875,N23.58172,¥x3½u,±ö¤s,±ö¤s¥«³õ,268,800,269,500,¥­­ì°Ï,0.70,10.9,¥_,3.3,,,,,1.8,,0.3,"2,530",22,30,0,0,"3,150","5,732","4,209","4,012",406,9,10,0.51,¤é
¹Å¸q¿¤,V-36,±ö¤s¥«³õ,269,165,E120.55875,N23.58172,¥x3½u,±ö¤s,±ö¤s¥«³õ,268,800,269,500,¥­­ì°Ï,0.70,10.9,«n,3.0,,,,,1.8,,0.7,"2,588",34,19,0,0,"2,772","5,413","4,080","3,789",395,9,10,0.51,¤é
¹Å¸q¿¤,V-37,¦Ë±T¤j¾ô,277,350,E120.54613,N23.52497,¥x3½u,±ö¤s¥«³õ,¦Ë±T,269,500,277,350,¥­­ì°Ï,7.80,11.1,¥_,3.0,,,,,2.0,,0.3,"2,297",25,28,0,3,"1,729","4,082","3,277","32,248",324,15,16,0.54,¤é
¹Å¸q¿¤,V-37,¦Ë±T¤j¾ô,277,350,E120.54613,N23.52497,¥x3½u,±ö¤s¥«³õ,¦Ë±T,269,500,277,350,¥­­ì°Ï,7.80,11.1,«n,3.0,,,,,2.0,,0.8,"2,130",25,24,0,1,"1,415","3,595","2,939","28,401",274,15,16,0.54,¤é
¹Å¸q¿¤,V-38,¿³²£¾ô,280,334,E120.53536,N23.50041,¥x3½u,¦Ë±T,³Àº¡,277,350,280,650,¥­­ì°Ï,3.30,12.3,¥_,3.5,3.0,,,,,,0.2,"6,539",72,34,1,11,"3,322","9,979","8,727","32,931",743,17,18,0.53,¥|
¹Å¸q¿¤,V-38,¿³²£¾ô,280,334,E120.53536,N23.50041,¥x3½u,¦Ë±T,³Àº¡,277,350,280,650,¥­­ì°Ï,3.30,12.3,«n,3.4,,,,,2.0,,0.2,"6,094",51,31,1,8,"3,567","9,752","8,069","32,182",656,17,18,0.53,¥|
¹Å¸q¿¤,V-39,§d»ñ¾ô,286,650,E120.53025,N23.45358,¥x3½u,³Àº¡,¶©¿³,280,650,287,351,¥­­ì°Ï,6.70,16.8,¥_,3.5,3.4,,,,,,1.5,"3,668",11,125,0,51,"1,072","4,927","4,669","33,011",415,17,18,0.52,¥|
¹Å¸q¿¤,V-39,§d»ñ¾ô,286,650,E120.53025,N23.45358,¥x3½u,³Àº¡,¶©¿³,280,650,287,351,¥­­ì°Ï,6.70,16.8,«n,3.5,3.4,,,,,,1.5,"3,548",12,165,0,32,"1,205","4,962","4,633","33,245",380,11,12,0.52,¥|
¹Å¸q¿¤,V-40,¤¤®H¾ô,291,256,E120.51744,N23.41680,¥x3½u,¶©¿³,¦P¤¯,287,351,290,700,¥C³®°Ï,3.30,11.8,¥_,3.4,,,,,2.2,,0.3,"2,534",23,52,0,2,"1,206","3,817","3,372","12,596",291,17,18,0.55,¥|
¹Å¸q¿¤,V-40,¤¤®H¾ô,291,256,E120.51744,N23.41680,¥x3½u,¶©¿³,¦P¤¯,287,351,290,700,¥C³®°Ï,3.30,11.8,«n,3.4,,,,,2.2,,0.3,"2,610",20,48,0,0,"1,134","3,812","3,381","12,580",354,17,18,0.55,¥|
¹Å¸q¿¤,V-41,±o¹D¾ô,295,100,E120.52688,N23.38436,¥x3½u,¦P¤¯,ËN¤ô,290,700,295,89,¤sÀ­°Ï,4.40,7.3,¥_,3.3,,,,,,,0.3,971,31,11,0,0,250,"1,263","1,917","5,557",402,17,18,0.58,¤»
¹Å¸q¿¤,V-41,±o¹D¾ô,295,100,E120.52688,N23.38436,¥x3½u,¦P¤¯,ËN¤ô,290,700,295,89,¤sÀ­°Ï,4.40,7.3,«n,3.0,,,,,,,0.7,"1,026",25,14,0,0,257,"1,322","1,991","5,817",297,17,18,0.58,¤»
¹Å¸q¿¤,V-42,©M¥­¤@¸¹¾ô,334,782,E120.61263,N23.30677,¥x3½u,ËN¤ô,¤j®H,295,89,352,700,¤sÀ­°Ï,57.60,7.1,¥_,3.0,,,,,,,0.3,503,4,5,0,0,176,688,976,"39,629",104,10,11,0.58,¤é
¹Å¸q¿¤,V-42,©M¥­¤@¸¹¾ô,334,782,E120.61263,N23.30677,¥x3½u,ËN¤ô,¤j®H,295,89,352,700,¤sÀ­°Ï,57.60,7.1,«n,3.0,,,,,,,0.8,478,2,12,0,1,202,695,996,"40,032",141,10,11,0.58,¤é
¹Å¸q¿¤,V-43,¥|ºû¾ô,353,549,E120.55477,N23.22575,¥x3½u,¤j®H,Âù·Ë,352,700,365,450,¤sÀ­°Ï,12.80,7.0,¥_,3.2,,,,,,,0.2,329,6,17,0,2,146,500,769,"6,400",171,11,12,0.59,¤é
¹Å¸q¿¤,V-43,¥|ºû¾ô,353,549,E120.55477,N23.22575,¥x3½u,¤j®H,Âù·Ë,352,700,365,450,¤sÀ­°Ï,12.80,7.0,«n,3.4,,,,,,,0.2,349,5,15,0,1,161,531,792,"6,797",120,11,12,0.59,¤é
»O«n¥«,V-44,·£¦è¥_¾ô,366,357,E120.49100,N23.18613,¥x3½u,Âù·Ë,¦Ë³ò,365,450,371,516,¥C³®°Ï,6.10,23.1,¥_,3.7,3.7,,,,2.4,,1.5,635,8,23,0,5,351,"1,022",968,"6,234",143,10,11,0.50,¤é
»O«n¥«,V-44,·£¦è¥_¾ô,366,357,E120.49100,N23.18613,¥x3½u,Âù·Ë,¦Ë³ò,365,450,371,516,¥C³®°Ï,6.10,23.1,«n,3.7,3.7,,,,2.4,,2.0,699,6,22,0,4,340,"1,071","1,013","6,533",141,16,17,0.50,¤é
»O«n¥«,V-45,¦Ë³ò¾ô,372,431,E120.47775,N23.13522,¥x3½u,¦Ë³ò,¥É¤«,371,516,375,300,¥C³®°Ï,3.80,20.8,¥_,3.5,3.5,,,,,,3.4,"3,404",34,116,0,63,"1,040","4,657","4,643","17,697",475,11,12,0.51,¤»
»O«n¥«,V-45,¦Ë³ò¾ô,372,431,E120.47775,N23.13522,¥x3½u,¦Ë³ò,¥É¤«,371,516,375,300,¥C³®°Ï,3.80,20.8,«n,3.5,3.5,,,,,,3.4,"2,729",28,91,0,61,304,"3,213","3,454","12,209",448,16,17,0.51,¤»
»O«n¥«,V-46,°ª³®¾ô,376,580,E120.47602,N23.11175,¥x3½u,¥É¤«,¥_¼d,375,300,383,738,¥C³®°Ï,8.50,15.4,¥_,3.5,3.5,,,,,,0.4,"3,519",26,217,0,137,"1,213","5,112","5,418","43,452",495,14,15,0.52,¤é
»O«n¥«,V-46,°ª³®¾ô,376,580,E120.47602,N23.11175,¥x3½u,¥É¤«,¥_¼d,375,300,383,738,¥C³®°Ï,8.50,15.4,«n,3.5,3.5,,,,,,1.0,"3,385",39,215,1,125,"1,434","5,199","5,383","44,192",527,8,9,0.52,¤é
»O«n¥«,V-47,±m»ñ¾ô,384,876,E120.48425,N23.4741,¥x3½u,¥_¼d,«n¤Æ,383,738,385,907,¥C³®°Ï,2.20,16.0,¥_,3.5,3.7,,,,,,0.8,"2,363",24,90,0,64,949,"3,490","3,480","7,678",395,15,16,0.55,¤é
»O«n¥«,V-47,±m»ñ¾ô,384,876,E120.48425,N23.4741,¥x3½u,¥_¼d,«n¤Æ,383,738,385,907,¥C³®°Ï,2.20,16.0,«n,3.5,4.0,,,,,,0.5,"2,153",19,90,0,70,868,"3,200","3,242","7,040",320,10,11,0.55,¤é
»O«n¥«,V-48,¦è¤s¾ô,386,966,E120.47391,N23.3041,¥x3½u,«n¤Æ,ª÷°¨¼d,385,907,389,282,¤sÀ­°Ï,3.40,15.6,¥_,3.5,3.5,,,,,,1.0,"1,419",16,57,0,53,560,"2,105","3,352","7,157",452,16,17,0.53,¤é
»O«n¥«,V-48,¦è¤s¾ô,386,966,E120.47391,N23.3041,¥x3½u,«n¤Æ,ª÷°¨¼d,385,907,389,282,¤sÀ­°Ï,3.40,15.6,«n,3.5,3.5,,,,,,0.6,"1,361",15,69,0,67,583,"2,095","3,430","7,123",520,10,11,0.53,¤é
¶³ªL¿¤,V-49,®üÂ×¾ô,81,200,E120.244575,N23.739673,¥x17½u,¦èÀØ¤j¾ô«nºÝ,¥x¦è,71,282,90,200,¥­­ì°Ï,18.90,16.6,¥_,3.5,3.5,,,,,,1.3,"2,335",25,62,0,35,"1,304","3,761","3,353","71,083",395,17,18,0.52,¥|
¶³ªL¿¤,V-49,®üÂ×¾ô,81,200,E120.244575,N23.739673,¥x17½u,¦èÀØ¤j¾ô«nºÝ,¥x¦è,71,282,90,200,¥­­ì°Ï,18.90,16.6,«n,3.5,3.5,,,,,,1.3,"2,501",28,76,1,48,"1,378","4,032","3,631","76,205",360,7,8,0.52,¥|
¶³ªL¿¤,V-50,¦è´ò¾ô,91,500,E120.18121,N23.67974,¥x17½u,¥x¦è,­¸¨F,90,200,95,570,¥­­ì°Ï,5.40,16.3,¥_,3.6,3.5,,,,,,1.3,"1,224",25,53,2,15,592,"1,911","1,748","10,319",186,7,8,0.51,¥|
¶³ªL¿¤,V-50,¦è´ò¾ô,91,500,E120.18121,N23.67974,¥x17½u,¥x¦è,­¸¨F,90,200,95,570,¥­­ì°Ï,5.40,16.3,«n,3.6,3.5,,,,,,0.8,"1,119",31,55,0,21,591,"1,817","1,667","9,812",179,17,18,0.51,¥|
¶³ªL¿¤,V-51,¤T©m¼d,96,0,E120.17103,N23.64008,¥x17½u,­¸¨F,ª÷´ò,95,570,98,54,¥­­ì°Ï,2.50,15.0,¥_,3.5,3.5,,,,,,0.5,"1,317",6,40,0,16,384,"1,763","1,664","4,408",184,17,18,0.57,¥|
¶³ªL¿¤,V-51,¤T©m¼d,96,0,E120.17103,N23.64008,¥x17½u,­¸¨F,ª÷´ò,95,570,98,54,¥­­ì°Ï,2.50,15.0,«n,3.5,3.5,,,,,,0.5,"1,455",10,52,0,15,363,"1,895","1,811","4,738",139,12,13,0.57,¥|
¶³ªL¿¤,V-52,¦¨Às¤G¸¹¾ô,104,300,E120.16981,N23.55447,¥x17½u,ª÷´ò,¶³¹Å¿¤¬É,98,54,109,938,¥­­ì°Ï,11.90,14.8,¥_,3.3,3.3,,,,,,1.0,848,17,36,0,2,622,"1,525","1,307","18,148",106,7,8,0.53,¥|
¶³ªL¿¤,V-52,¦¨Às¤G¸¹¾ô,104,300,E120.16981,N23.55447,¥x17½u,ª÷´ò,¶³¹Å¿¤¬É,98,54,109,938,¥­­ì°Ï,11.90,14.8,«n,3.3,3.3,,,,,,0.6,882,18,52,0,1,666,"1,619","1,390","19,266",121,16,17,0.53,¥|
¹Å¸q¿¤,V-53,÷´¹ª¾ô,114,700,E120.17022,N23.49503,¥x17½u,¶³¹Å¿¤¬É,¤Ù¤lÀY,109,938,116,633,¥­­ì°Ï,6.70,22.3,¥_,3.5,3.5,3.5,,,,,0.9,802,6,6,1,3,291,"1,109","1,007","7,430",136,14,15,0.51,¤é
¹Å¸q¿¤,V-53,÷´¹ª¾ô,114,700,E120.17022,N23.49503,¥x17½u,¶³¹Å¿¤¬É,¤Ù¤lÀY,109,938,116,633,¥­­ì°Ï,6.70,22.3,«n,3.5,3.5,3.5,,,,,0.4,818,5,7,0,3,373,"1,206","1,070","8,080",131,14,15,0.51,¤é
¹Å¸q¿¤,V-54,·s­í¾ô,126,200,E120.17228,N23.38756,¥x17½u,¤Ù¤lÀY,·s­í¾ô,116,633,126,200,¥­­ì°Ï,9.60,15.8,¥_,3.5,3.5,,,,,,1.0,"2,263",43,12,1,3,978,"3,300","2,945","31,680",289,14,15,0.51,¤é
¹Å¸q¿¤,V-54,·s­í¾ô,126,200,E120.17228,N23.38756,¥x17½u,¤Ù¤lÀY,·s­í¾ô,116,633,126,200,¥­­ì°Ï,9.60,15.8,«n,3.5,3.5,,,,,,0.8,"2,310",49,6,0,1,976,"3,342","2,982","32,083",306,13,14,0.51,¤é
¹Å¸q¿¤,V-55,¥x¹q·s¶ó©Ò,135,0,E120.17228,N23.38756,¥x17½u,·s­í¾ô,¹Å«n¿¤¬É,126,200,137,770,¥­­ì°Ï,11.60,15.6,¥_,3.5,3.5,,,,,,0.8,928,12,36,0,1,489,"1,466","1,296","17,006",114,17,18,0.51,¥|
¹Å¸q¿¤,V-55,¥x¹q·s¶ó©Ò,135,0,E120.17228,N23.38756,¥x17½u,·s­í¾ô,¹Å«n¿¤¬É,126,200,137,770,¥­­ì°Ï,11.60,15.6,«n,3.5,3.5,,,,,,0.8,971,15,37,0,1,498,"1,522","1,352","17,655",108,18,19,0.51,¥|
¥x«n¥«,V-56,±N­x·Ë¾ô,146,910,E120.13605,N23.22938,¥x17½u,¹Å«n¤j¾ô«nºÝ·Ë©³¼d,«á´ä,137,770,152,594,¥­­ì°Ï,14.80,16.4,¥_,3.5,3.5,,,,,,1.2,"1,992",12,52,1,10,"1,085","3,152","2,772","46,650",206,19,20,0.64,¤é
¥x«n¥«,V-56,±N­x·Ë¾ô,146,910,E120.13605,N23.22938,¥x17½u,¹Å«n¤j¾ô«nºÝ·Ë©³¼d,«á´ä,137,770,152,594,¥­­ì°Ï,14.80,16.4,«n,3.5,3.5,,,,,,1.2,"1,706",12,57,1,11,951,"2,738","2,417","40,522",362,18,19,0.64,¤é
¥x«n¥«,V-57,¤CªÑ·Ë¾ô,159,130,E120.13286,N23.12917,¥x17½u,«á´ä,¾ð¹A·Ë¾ô,152,594,160,400,¥­­ì°Ï,7.80,15.6,¥_,3.5,3.5,,,,,,0.8,"5,065",36,223,2,92,"2,332","7,750","7,135","60,450",696,15,16,0.56,¤é
¥x«n¥«,V-57,¤CªÑ·Ë¾ô,159,130,E120.13286,N23.12917,¥x17½u,«á´ä,¾ð¹A·Ë¾ô,152,594,160,400,¥­­ì°Ï,7.80,15.6,«n,3.5,3.5,,,,,,0.8,"5,600",26,209,2,87,"2,610","8,534","7,786","66,565",903,17,18,0.56,¤é
¥x«n¥«,V-58,°ê¸t¾ô«n°¼,164,380,E120.13547,N23.08156,¥x17½u,¾ð¹A·Ë¾ô,¥x¦¿¤j¹D,160,400,165,800,¥­­ì°Ï,5.40,26.0,¥_,3.5,3.8,,,,3.0,,2.7,"10,259",58,53,0,202,"4,669","15,241","14,300","82,301","1,490",17,18,0.55,¤é
¥x«n¥«,V-58,°ê¸t¾ô«n°¼,164,380,E120.13547,N23.08156,¥x17½u,¾ð¹A·Ë¾ô,¥x¦¿¤j¹D,160,400,165,800,¥­­ì°Ï,5.40,26.0,«n,3.5,3.8,,,,3.0,,2.7,"9,904",50,45,3,443,"4,017","14,462","14,197","78,095","1,195",17,18,0.55,¤é
¥x«n¥«,V-59,®ü§À¾ô,171,550,E120.16540,N23.03242,¥x17½u,¥x¦¿¤j¹D,ÀØ®ü¾ô,165,800,172,400,¥­­ì°Ï,6.60,27.6,¥_,3.5,3.5,,,,4.5,,2.3,"11,957",27,279,3,229,"10,106","22,601","20,187","149,167","3,415",8,9,0.53,¥|
¥x«n¥«,V-59,®ü§À¾ô,171,550,E120.16540,N23.03242,¥x17½u,¥x¦¿¤j¹D,ÀØ®ü¾ô,165,800,172,400,¥­­ì°Ï,6.60,27.6,«n,3.5,3.5,,,,4.5,,2.3,"11,237",22,277,1,236,"12,252","24,025","20,973","158,565","3,040",17,18,0.53,¥|
¥x«n¥«,V-60,¤j´äÆ[®ü¾ô,174,300,E120.18488,N23.01125,¥x17½u,ÀØ®ü¾ô,©²«e¸ô,172,400,176,400,¥­­ì°Ï,4.00,23.0,¥_,3.5,3.5,,,,3.0,,1.5,"17,371",43,444,3,239,"12,262","30,362","27,411","121,448","3,150",7,8,0.53,¥|
¥x«n¥«,V-60,¤j´äÆ[®ü¾ô,174,300,E120.18488,N23.01125,¥x17½u,ÀØ®ü¾ô,©²«e¸ô,172,400,176,400,¥­­ì°Ï,4.00,23.0,«n,3.5,3.5,,,,3.0,,1.5,"16,997",32,439,1,233,"13,488","31,190","27,848","124,760","3,604",17,18,0.53,¥|
¥x«n¥«,V-61,·s¿³°ê¤¤,178,300,E120.18449,N22.97746,¥x17½u,©²«e¸ô,¤¤µØ«n¸ô,176,400,180,0,¥­­ì°Ï,3.60,21.6,¥_,3.5,3.5,,,,3.5,,0.3,"13,797",120,318,5,178,"10,026","24,444","22,021","87,998","2,178",17,18,0.54,¥|
¥x«n¥«,V-61,·s¿³°ê¤¤,178,300,E120.18449,N22.97746,¥x17½u,©²«e¸ô,¤¤µØ«n¸ô,176,400,180,0,¥­­ì°Ï,3.60,21.6,«n,3.5,3.5,,,,3.5,,0.3,"14,848",121,301,3,180,"7,846","23,299","21,523","83,876","2,562",7,8,0.54,¥|
¥x«n¥«,V-62,¤¤ªo¥_®ü¯¸,181,350,E120.17862,N22.95089,¥x17½u,¤¤µØ«n¸ô,¥x¢·¢µ½u,180,0,183,100,¥­­ì°Ï,3.10,27.0,¥_,3.5,3.5,,,,3.0,,3.5,"13,409",65,509,7,362,"5,195","19,547","19,015","60,596","1,894",7,8,0.52,¥|
¥x«n¥«,V-62,¤¤ªo¥_®ü¯¸,181,350,E120.17862,N22.95089,¥x17½u,¤¤µØ«n¸ô,¥x¢·¢µ½u,180,0,183,100,¥­­ì°Ï,3.10,27.0,«n,3.5,3.5,,,,3.0,,3.5,"14,168",76,450,10,376,"4,213","19,293","19,064","59,808","1,744",16,17,0.52,¥|
¥x«n¥«,V-63,¤G¤¯·Ë¾ô,185,350,E120.17696,N22.91608,¥x17½u,¥x¢·¢µ½u,°ª¶¯¥«¬É,183,100,185,808,¥­­ì°Ï,2.70,26.0,¥_,3.5,3.5,,,,3.0,,3.0,"5,608",28,96,0,65,"3,086","8,883","8,149","23,984",928,17,18,0.54,¤é
¥x«n¥«,V-63,¤G¤¯·Ë¾ô,185,350,E120.17696,N22.91608,¥x17½u,¥x¢·¢µ½u,°ª¶¯¥«¬É,183,100,185,808,¥­­ì°Ï,2.70,26.0,«n,3.5,3.5,,,,3.0,,3.0,"6,008",31,110,0,77,"3,377","9,603","8,815","25,928","1,109",15,16,0.54,¤é
¹Å¸q¿¤,V-64,¹Å¸q°ªÅK,0,500,E120.38211,N23.48644,¥x18½u,¤Ó«O,¹Å¤Ó¤j¾ô,0,0,7,500,¥­­ì°Ï,7.50,26.4,ªF,3.5,3.5,3.5,,,2.2,,0.5,"5,783",20,46,0,10,"1,771","7,630","7,152","57,225",839,7,8,0.50,¥|
¹Å¸q¿¤,V-64,¹Å¸q°ªÅK,0,500,E120.38211,N23.48644,¥x18½u,¤Ó«O,¹Å¤Ó¤j¾ô,0,0,7,500,¥­­ì°Ï,7.50,26.4,¦è,3.5,3.5,3.5,,,2.2,,0.5,"5,717",29,45,0,11,"1,830","7,632","7,143","57,240",853,17,18,0.50,¥|
¹Å¸q¿¤,V-65,¹Å¤Ó¤j¾ô,7,500,E120.38211,N23.48644,¥x18½u,¹Å¤Ó¤j¾ô,¹Å¸q¿¤¥«¦è¬É,7,500,8,510,¥­­ì°Ï,1.00,27.0,ªF,3.5,3.5,3.5,,,2.2,,0.8,"9,874",93,80,1,12,"2,523","12,583","11,939","12,583","1,520",17,18,0.59,¥|
¹Å¸q¿¤,V-65,¹Å¤Ó¤j¾ô,7,500,E120.38211,N23.48644,¥x18½u,¹Å¤Ó¤j¾ô,¹Å¸q¿¤¥«¦è¬É,7,500,8,510,¥­­ì°Ï,1.00,27.0,¦è,3.5,3.5,3.5,,,2.2,,0.8,"8,399",93,62,1,6,"2,454","11,015","10,371","11,015","1,045",7,8,0.59,¥|
¹Å¸q¿¤,V-66,­x½÷¾ô,17,800,E120.45838,N23.45716,¥x18½u,¹Å¸q¿¤¥«¦è¬É,«áÉÜ,8,510,17,972,¥­­ì°Ï,9.50,18.2,ªF,3.5,3.5,,,,2.0,,0.1,"12,034",111,99,0,8,"17,466","29,718","24,600","282,321","2,466",17,18,0.51,¥|
¹Å¸q¿¤,V-66,­x½÷¾ô,17,800,E120.45838,N23.45716,¥x18½u,¹Å¸q¿¤¥«¦è¬É,«áÉÜ,8,510,17,972,¥­­ì°Ï,9.50,18.2,¦è,3.5,3.5,,,,2.0,,0.1,"11,154",116,67,0,7,"18,092","29,436","24,114","279,642","2,555",7,8,0.51,¥|
¹Å¸q¿¤,V-67,¤¤ÉÜ¾ô,19,700,E120.46755,N23.45116,¥x18½u,«áÉÜ,³»¤»,17,972,21,0,¥­­ì°Ï,3.00,15.0,ªF,3.4,3.4,,,,,,0.4,"4,182",57,82,1,42,"2,682","7,046","6,129","21,138",530,7,8,0.54,¥|
¹Å¸q¿¤,V-67,¤¤ÉÜ¾ô,19,700,E120.46755,N23.45116,¥x18½u,«áÉÜ,³»¤»,17,972,21,0,¥­­ì°Ï,3.00,15.0,¦è,3.4,3.4,,,,,,1.0,"4,306",49,112,0,45,"3,022","7,534","6,496","22,602",627,17,18,0.54,¥|
¹Å¸q¿¤,V-68,¸q¤¯¾ô,24,300,E120.51505,N23.44219,¥x18½u,³»¤»,§d»ñ¼q,21,0,26,900,¥­­ì°Ï,5.90,14.1,ªF,3.2,3.2,,,,,,0.8,"7,091",81,164,0,105,"1,528","8,969","8,691","52,917","1,103",10,11,0.55,¤»
¹Å¸q¿¤,V-68,¸q¤¯¾ô,24,300,E120.51505,N23.44219,¥x18½u,³»¤»,§d»ñ¼q,21,0,26,900,¥­­ì°Ï,5.90,14.1,¦è,3.2,3.2,,,,,,0.5,"7,288",79,129,0,78,"1,574","9,148","8,779","53,973","1,332",17,18,0.55,¤»
¹Å¸q¿¤,V-69,¤û®H¥J,31,770,E120.57875,N23.44755,¥x18½u,§d»ñ¼q,Ä²¤f,26,900,36,0,¥­­ì°Ï,9.10,8.8,ªF,3.6,,,,,,,1.0,"4,061",84,73,0,8,660,"4,886","4,729","44,463",256,16,17,0.83,¤é
¹Å¸q¿¤,V-69,¤û®H¥J,31,770,E120.57875,N23.44755,¥x18½u,§d»ñ¼q,Ä²¤f,26,900,36,0,¥­­ì°Ï,9.10,8.8,¦è,3.6,,,,,,,0.6,"5,241",80,98,0,10,696,"6,125","5,975","55,738","1,212",16,17,0.83,¤é
¹Å¸q¿¤,V-70,Às¬ü,50,112,E120.64980,N23.40669,¥x18½u,Ä²¤f,¥Û´Í,36,0,63,830,¤sÀ­°Ï,27.80,8.4,ªF,3.6,,,,,,,0.6,"1,997",47,34,0,1,337,"2,416","3,745","67,165",422,16,17,0.69,¤é
¹Å¸q¿¤,V-70,Às¬ü,50,112,E120.64980,N23.40669,¥x18½u,Ä²¤f,¥Û´Í,36,0,63,830,¤sÀ­°Ï,27.80,8.4,¦è,3.6,,,,,,,0.6,"2,058",29,23,0,4,319,"2,433","3,694","67,637",952,16,17,0.69,¤é
¹Å¸q¿¤,V-71,¥Û´Í,63,830,E120.69644,N23.47233,¥x18½u,¥Û´Í,¤Q¦r¸ô,63,830,76,600,¤sÀ­°Ï,12.80,9.1,ªF,3.5,,,,,,,1.0,"3,380",47,30,0,1,427,"3,885","5,889","49,728",521,13,14,0.64,¤é
¹Å¸q¿¤,V-71,¥Û´Í,63,830,E120.69644,N23.47233,¥x18½u,¥Û´Í,¤Q¦r¸ô,63,830,76,600,¤sÀ­°Ï,12.80,9.1,¦è,3.8,,,,,,,0.8,"3,217",43,31,0,1,359,"3,651","5,562","46,733",928,13,14,0.64,¤é
¹Å¸q¿¤,V-72,¤Q¦r¸ô,77,90,E120.75483,N23.49225,¥x18½u,¤Q¦r¸ô,¦Û©¾,76,600,95,661,¤sÀ­°Ï,19.10,13.6,ªF,5.4,,,,,,,1.7,790,32,6,0,2,75,905,"1,464","17,286",242,11,12,0.53,¤é
¹Å¸q¿¤,V-72,¤Q¦r¸ô,77,90,E120.75483,N23.49225,¥x18½u,¤Q¦r¸ô,¦Û©¾,76,600,95,661,¤sÀ­°Ï,19.10,13.6,¦è,4.8,,,,,,,1.7,924,59,10,0,0,132,"1,125","1,863","21,488",268,11,12,0.53,¤é
¶³ªL¿¤,V-73,·sÅP¥~Àô,44,200,E120.36334,N23.77211,¥x19½u,¦Û±j¤j¾ô«nºÝ,±[­I,37,618,45,800,¥­­ì°Ï,8.20,20.4,¥_,3.5,3.5,,,,2.4,,0.8,"1,373",7,119,3,68,387,"1,957","2,047","16,047",188,15,16,0.51,¤é
¶³ªL¿¤,V-73,·sÅP¥~Àô,44,200,E120.36334,N23.77211,¥x19½u,¦Û±j¤j¾ô«nºÝ,±[­I,37,618,45,800,¥­­ì°Ï,8.20,20.4,«n,3.5,3.5,,,,2.4,,0.8,"1,125",8,92,1,61,336,"1,623","1,696","13,309",178,17,18,0.51,¤é
¶³ªL¿¤,V-74,·sÉÜ¾ô,49,0,E120.345341,N23.73888,¥x19½u,±[­I,½Ç©¾,45,800,55,700,¥­­ì°Ï,9.90,20.2,¥_,3.5,3.5,,,,2.5,,0.6,"2,650",29,140,2,44,675,"3,540","3,515","35,046",405,15,16,0.52,¤é
¶³ªL¿¤,V-74,·sÉÜ¾ô,49,0,E120.345341,N23.73888,¥x19½u,±[­I,½Ç©¾,45,800,55,700,¥­­ì°Ï,9.90,20.2,«n,3.5,3.5,,,,2.5,,0.6,"3,120",21,174,3,34,565,"3,917","3,920","38,778",440,7,8,0.52,¤é
¶³ªL¿¤,V-75,³»­í¾ô,56,100,E120.318977,N23.68148,¥x19½u,½Ç©¾,¤¸ªø,55,700,60,18,¥­­ì°Ï,4.30,25.6,¥_,3.5,3.8,,,,2.5,,3.0,"4,702",35,301,1,127,421,"5,587","5,886","24,024",611,15,16,0.52,¤»
¶³ªL¿¤,V-75,³»­í¾ô,56,100,E120.318977,N23.68148,¥x19½u,½Ç©¾,¤¸ªø,55,700,60,18,¥­­ì°Ï,4.30,25.6,«n,3.5,3.8,,,,2.5,,3.0,"5,198",32,305,2,184,437,"6,158","6,568","26,479",674,15,16,0.52,¤»
¶³ªL¿¤,V-76,³»¼d¾ô,63,200,E120.30622,N23.60589,¥x19½u,¤¸ªø¶m¥«°Ï,·sµó,60,18,66,353,¥­­ì°Ï,6.30,18.0,¥_,3.5,3.5,,,,,,2.0,"3,865",79,153,0,59,"1,294","5,450","5,167","34,335",456,17,18,0.50,¥|
¶³ªL¿¤,V-76,³»¼d¾ô,63,200,E120.30622,N23.60589,¥x19½u,¤¸ªø¶m¥«°Ï,·sµó,60,18,66,353,¥­­ì°Ï,6.30,18.0,«n,3.5,3.5,,,,,,2.0,"3,834",99,166,5,92,"1,274","5,470","5,287","34,461",450,7,8,0.50,¥|
¶³ªL¿¤,V-77,·¾¨m,66,800,E120.29897,N23.57503,¥x19½u,·sµó,¥_´ä,66,353,67,973,¥­­ì°Ï,1.60,18.0,¥_,3.5,3.5,,,,,,2.0,"5,713",93,32,0,29,"3,324","9,191","7,982","14,706",667,11,12,0.56,¤»
¶³ªL¿¤,V-77,·¾¨m,66,800,E120.29897,N23.57503,¥x19½u,·sµó,¥_´ä,66,353,67,973,¥­­ì°Ï,1.60,18.0,«n,3.5,3.5,,,,,,2.0,"5,315",82,24,3,63,"1,993","7,480","6,868","11,968",517,11,12,0.56,¤»
¶³ªL¿¤,V-78,´ä§À¤G¸¹¾ô,71,700,E120.29000,N23.53378,¥x19½u,¥_´ä,´ä§À¤G¸¹¾ô,67,973,71,700,¥­­ì°Ï,3.70,18.0,¥_,3.5,3.5,,,,,,2.0,"2,656",13,5,1,10,"1,180","3,865","3,425","14,301",293,8,9,0.51,¥|
¶³ªL¿¤,V-78,´ä§À¤G¸¹¾ô,71,700,E120.29000,N23.53378,¥x19½u,¥_´ä,´ä§À¤G¸¹¾ô,67,973,71,700,¥­­ì°Ï,3.70,18.0,«n,3.5,3.5,,,,,,2.0,"2,743",11,7,0,5,"1,366","4,132","3,606","15,288",277,17,18,0.51,¥|
¹Å¸q¿¤,V-79,¦µ¤l¤j¾ô,82,900,E120.24430,N23.47317,¥x19½u,´ä§À¤G¸¹¾ô,¦µ¤l,71,700,82,900,¥­­ì°Ï,11.20,19.6,¥_,3.5,3.5,,,,2.2,,0.6,"5,657",23,162,0,32,"3,511","9,385","8,489","105,112",750,17,18,0.50,¥|
¹Å¸q¿¤,V-79,¦µ¤l¤j¾ô,82,900,E120.24430,N23.47317,¥x19½u,´ä§À¤G¸¹¾ô,¦µ¤l,71,700,82,900,¥­­ì°Ï,11.20,19.6,«n,3.5,3.5,,,,2.2,,0.6,"5,558",23,220,0,26,"3,279","9,106","8,296","101,987",762,17,18,0.50,¥|
¹Å¸q¿¤,V-80,Â×¦~¾ô,88,900,E120.24633,N23.42194,¥x19½u,¦µ¤l,«n¶Õ¦Ë,82,900,88,900,¥­­ì°Ï,6.00,20.0,¥_,3.5,3.5,,,,,,3.0,"2,945",21,44,0,66,928,"4,004","3,798","24,024",334,17,18,0.55,¥|
¹Å¸q¿¤,V-80,Â×¦~¾ô,88,900,E120.24633,N23.42194,¥x19½u,¦µ¤l,«n¶Õ¦Ë,82,900,88,900,¥­­ì°Ï,6.00,20.0,«n,3.5,3.5,,,,,,3.0,"2,936",16,54,2,50,907,"3,965","3,741","23,790",272,17,18,0.55,¥|
¹Å¸q¿¤,V-81,¨¤±a³ò¾ô,97,200,E120.25586,N23.34786,¥x19½u,«n¶Õ¦Ë,¹Å«n¿¤¬É,88,900,100,107,¥­­ì°Ï,11.20,18.0,¥_,3.5,3.5,,,,,,2.0,"2,015",15,138,1,51,819,"3,039","2,892","34,037",234,17,18,0.53,¥|
¹Å¸q¿¤,V-81,¨¤±a³ò¾ô,97,200,E120.25586,N23.34786,¥x19½u,«n¶Õ¦Ë,¹Å«n¿¤¬É,88,900,100,107,¥­­ì°Ï,11.20,18.0,«n,3.5,3.5,,,,,,2.0,"1,843",17,139,3,64,677,"2,743","2,685","30,722",263,7,8,0.53,¥|
¥x«n¥«,V-82,¦v´ä¾ô,110,0,E120.20333,N23.25277,¥x19½u,¹Å«n¿¤¬É,¾Ç¥Ò,100,107,113,611,¥­­ì°Ï,13.50,16.0,¥_,3.5,3.5,,,,,,1.0,"3,245",62,132,6,27,"1,329","4,801","4,432","64,814",500,17,18,0.52,¥|
¥x«n¥«,V-82,¦v´ä¾ô,110,0,E120.20333,N23.25277,¥x19½u,¹Å«n¿¤¬É,¾Ç¥Ò,100,107,113,611,¥­­ì°Ï,13.50,16.0,«n,3.5,3.5,,,,,,1.0,"3,516",53,104,4,24,"1,330","5,031","4,634","67,919",552,9,10,0.52,¥|
¥x«n¥«,V-83,·s«°¾ô,117,100,E120.18800,N23.20280,¥x19½u,¾Ç¥Ò,¨Î¨½,113,611,123,105,¥­­ì°Ï,9.50,20.6,¥_,3.5,3.8,,,,2.3,,0.4,"4,351",83,102,1,21,"3,248","7,806","6,969","74,157",710,17,18,0.56,¥|
¥x«n¥«,V-83,·s«°¾ô,117,100,E120.18800,N23.20280,¥x19½u,¾Ç¥Ò,¨Î¨½,113,611,123,105,¥­­ì°Ï,9.50,20.6,«n,3.5,3.8,,,,2.3,,1.0,"3,974",86,94,1,15,"2,710","6,880","6,189","65,360",559,17,18,0.56,¥|
¥x«n¥«,V-84,¨Î«n¾ô,125,750,E120.19050,N23.14511,¥x19½u,¨Î¨½,¦è´ä,123,105,128,200,¥­­ì°Ï,5.10,19.0,¥_,3.5,3.5,,,,2.0,,0.5,"8,013",85,175,3,49,"5,394","13,719","12,336","69,967","1,472",17,18,0.59,¥|
¥x«n¥«,V-84,¨Î«n¾ô,125,750,E120.19050,N23.14511,¥x19½u,¨Î¨½,¦è´ä,123,105,128,200,¥­­ì°Ï,5.10,19.0,«n,3.5,3.5,,,,2.0,,0.5,"7,560",94,138,1,47,"4,446","12,286","11,164","62,659","1,014",17,18,0.59,¥|
¥x«n¥«,V-85,¦è´ä¤j¾ô,129,800,E120.20347,N23.11142,¥x19½u,¦è´ä,°ê¹D¢·,128,200,132,0,¥­­ì°Ï,3.80,20.0,¥_,3.5,3.5,,,,2.0,,1.0,"16,989",146,421,3,241,"11,017","28,817","26,284","109,505","2,411",17,18,0.58,¥|
¥x«n¥«,V-85,¦è´ä¤j¾ô,129,800,E120.20347,N23.11142,¥x19½u,¦è´ä,°ê¹D¢·,128,200,132,0,¥­­ì°Ï,3.80,20.0,«n,3.5,3.5,,,,2.0,,1.0,"17,174",155,405,1,225,"10,715","28,675","26,194","108,965","3,393",7,8,0.58,¥|
¥x«n¥«,V-86,©M¶¶¥_¾ô,134,100,E120.28800,N23.14675,¥x19½u,°ê¹D¢·,¦w¶¶°ê¤¤,132,0,134,800,¥­­ì°Ï,2.80,19.4,¥_,3.5,3.5,,,,2.0,,0.7,"10,712",168,412,3,82,"8,566","19,943","17,833","55,840","2,150",7,8,0.52,¥|
¥x«n¥«,V-86,©M¶¶¥_¾ô,134,100,E120.28800,N23.14675,¥x19½u,°ê¹D¢·,¦w¶¶°ê¤¤,132,0,134,800,¥­­ì°Ï,2.80,19.4,«n,3.5,3.5,,,,2.0,,0.7,"11,052",154,497,3,84,"9,039","20,829","18,617","58,321","1,971",17,18,0.52,¥|
¥x«n¥«,V-87,·Ë³»¼d¤j¾ô,139,700,E120.21539,N23.02575,¥x19½u,¦w¶¶°ê¤¤,¤»¥Ò³»,134,800,140,195,¥­­ì°Ï,5.40,18.2,¥_,3.5,3.5,,,,2.0,,0.1,"11,302",148,64,0,8,"17,660","29,182","24,006","157,583","1,932",7,8,0.52,¥|
¥x«n¥«,V-87,·Ë³»¼d¤j¾ô,139,700,E120.21539,N23.02575,¥x19½u,¦w¶¶°ê¤¤,¤»¥Ò³»,134,800,140,195,¥­­ì°Ï,5.40,18.2,«n,3.5,3.5,,,,2.0,,0.1,"11,168",151,50,0,10,"19,673","31,052","25,271","167,681","2,090",7,8,0.52,¥|
¥x«n¥«,V-88,¤Ó¤l¾ô,0,923,E120.27155,N23.30975,¥x19¥Ò½u,ÆQ¤ô,ÅK½u¾ô,0,0,5,338,¥­­ì°Ï,5.30,12.8,¥_,3.6,,,,,2.0,,0.8,"3,008",56,126,3,70,"2,559","5,822","4,871","30,857",493,10,11,0.55,¤é
¥x«n¥«,V-88,¤Ó¤l¾ô,0,923,E120.27155,N23.30975,¥x19¥Ò½u,ÆQ¤ô,ÅK½u¾ô,0,0,5,338,¥­­ì°Ï,5.30,12.8,«n,3.6,,,,,2.0,,0.8,"3,609",63,147,2,56,"2,986","6,863","5,696","36,374",602,10,11,0.55,¤é
¥x«n¥«,V-89,¤¤ÉÜ,7,166,E120.27305,N23.25547,¥x19¥Ò½u,ÅK½u¾ô,¤UÀç,5,338,9,575,¥­­ì°Ï,4.20,12.8,¥_,3.6,,,,,2.0,,1.0,"2,069",16,52,1,17,"1,206","3,361","2,862","14,116",334,15,16,0.53,¤é
¥x«n¥«,V-89,¤¤ÉÜ,7,166,E120.27305,N23.25547,¥x19¥Ò½u,ÅK½u¾ô,¤UÀç,5,338,9,575,¥­­ì°Ï,4.20,12.8,«n,3.6,,,,,2.0,,0.6,"2,240",19,56,2,31,"1,404","3,752","3,191","15,758",379,15,16,0.53,¤é
¥x«n¥«,V-90,¥ÈªZ¾ô,11,338,E120.26947,N23.22102,¥x19¥Ò½u,¤UÀç,³Â¨§,9,575,16,386,¥­­ì°Ï,6.80,12.9,¥_,3.6,,,,,2.2,,0.9,"3,357",29,135,2,59,"2,203","5,785","4,970","39,338",470,7,8,0.51,¥|
¥x«n¥«,V-90,¥ÈªZ¾ô,11,338,E120.26947,N23.22102,¥x19¥Ò½u,¤UÀç,³Â¨§,9,575,16,386,¥­­ì°Ï,6.80,12.9,«n,3.6,,,,,2.2,,0.4,"3,152",27,129,2,64,"1,811","5,185","4,568","35,258",485,7,8,0.51,¥|
¥x«n¥«,V-91,³Âµ½¤j¾ô,18,500,E120.25556,N23.17519,¥x19¥Ò½u,³Â¨§,·Ë¬ü,16,386,21,400,¥­­ì°Ï,5.00,18.4,¥_,3.5,3.5,,,,2.0,,0.2,"7,829",107,191,1,261,"8,324","16,713","14,890","83,565","2,440",8,9,0.61,¥|
¥x«n¥«,V-91,³Âµ½¤j¾ô,18,500,E120.25556,N23.17519,¥x19¥Ò½u,³Â¨§,·Ë¬ü,16,386,21,400,¥­­ì°Ï,5.00,18.4,«n,3.5,3.5,,,,2.0,,0.2,"6,058",84,105,0,257,"5,162","11,666","10,726","58,330","1,564",18,19,0.61,¥|
¥x«n¥«,V-92,µ½¤Æ°ê¤¤,22,280,E120.28800,N23.14675,¥x19¥Ò½u,·Ë¬ü,µ½¤Æ,21,400,24,700,¥­­ì°Ï,3.30,20.0,¥_,3.5,3.5,,,,2.0,,1.0,"5,243",78,108,2,25,"3,597","9,053","8,121","29,875",864,18,19,0.60,¥|
¥x«n¥«,V-92,µ½¤Æ°ê¤¤,22,280,E120.28800,N23.14675,¥x19¥Ò½u,·Ë¬ü,µ½¤Æ,21,400,24,700,¥­­ì°Ï,3.30,20.0,«n,3.5,3.5,,,,2.0,,1.0,"5,024",79,115,2,28,"4,576","9,824","8,609","32,419","1,319",7,8,0.60,¥|
¥x«n¥«,V-93,¤TªÙ¤G¸¹¾ô,28,230,E120.29486,N23.09719,¥x19¥Ò½u,µ½¤Æ,·s¥«,24,700,30,600,¥­­ì°Ï,5.90,19.0,¥_,3.5,3.5,,,,2.0,,0.5,"5,691",29,100,2,27,"6,562","12,411","10,565","73,225","1,066",17,18,0.54,¥|
¥x«n¥«,V-93,¤TªÙ¤G¸¹¾ô,28,230,E120.29486,N23.09719,¥x19¥Ò½u,µ½¤Æ,·s¥«,24,700,30,600,¥­­ì°Ï,5.90,19.0,«n,3.5,3.5,,,,2.0,,0.5,"5,814",40,161,1,29,"6,528","12,573","10,776","74,181","1,233",7,8,0.54,¥|
¥x«n¥«,V-94,¦a¬F¨Æ°È©Ò,33,500,E120.30367,N23.04544,¥x19¥Ò½u,·s¥«,·s¤Æ¥~Àô°_ÂI,30,600,33,900,¥­­ì°Ï,3.30,17.0,¥_,3.5,3.8,,,,,,1.2,"4,408",78,148,1,29,"5,870","10,534","8,359","34,762","1,434",7,8,0.54,¥|
¥x«n¥«,V-94,¦a¬F¨Æ°È©Ò,33,500,E120.30367,N23.04544,¥x19¥Ò½u,·s¥«,·s¤Æ¥~Àô°_ÂI,30,600,33,900,¥­­ì°Ï,3.30,17.0,«n,3.5,3.8,,,,,,1.2,"4,534",70,173,1,32,"6,117","10,927","8,668","36,059","1,198",17,18,0.54,¥|
¥x«n¥«,V-95,¤@¸¹¾ô«nºÝ,37,800,E120.32469,N22.97219,¥x19¥Ò½u,·s¤Æ¥~Àô°_ÂI,·s¤Æ¥~Àô²×ÂI,33,900,39,700,¥­­ì°Ï,5.80,22.4,¥_,3.5,3.5,,,,3.7,,0.5,"1,634",26,116,1,79,395,"2,251","2,364","13,056",281,7,8,0.50,¥|
¥x«n¥«,V-95,¤@¸¹¾ô«nºÝ,37,800,E120.32469,N22.97219,¥x19¥Ò½u,·s¤Æ¥~Àô°_ÂI,·s¤Æ¥~Àô²×ÂI,33,900,39,700,¥­­ì°Ï,5.80,22.4,«n,3.5,3.5,,,,3.7,,0.5,"1,568",21,134,0,72,348,"2,143","2,261","12,429",285,17,18,0.50,¥|
¥x«n¥«,V-96,³\¿¤·Ë¾ô,46,200,E120.32469,N22.97219,¥x19¥Ò½u,·s¤Æ¥~Àô²×ÂI,Ãö¼q,39,700,47,300,¥­­ì°Ï,7.60,17.0,¥_,3.5,4.0,,,,,,1.0,"6,424",56,284,2,93,"3,683","10,542","9,429","80,119","1,202",17,18,0.57,¥|
¥x«n¥«,V-96,³\¿¤·Ë¾ô,46,200,E120.32469,N22.97219,¥x19¥Ò½u,·s¤Æ¥~Àô²×ÂI,Ãö¼q,39,700,47,300,¥­­ì°Ï,7.60,17.0,«n,3.5,4.0,,,,,,1.0,"6,735",55,225,1,100,"3,641","10,757","9,644","81,753","1,619",7,8,0.57,¥|
¥x«n¥«,V-97,«O¦w¾ô,51,530,E120.34311,N22.92850,¥x19¥Ò½u,Ãö¼q,°ª¶¯¥«¬É,47,300,57,416,¥­­ì°Ï,10.10,10.4,¥_,4.0,,,,,,,1.2,"1,862",21,96,1,45,"1,829","3,854","3,149","38,925",269,7,8,0.58,¥|
¥x«n¥«,V-97,«O¦w¾ô,51,530,E120.34311,N22.92850,¥x19¥Ò½u,Ãö¼q,°ª¶¯¥«¬É,47,300,57,416,¥­­ì°Ï,10.10,10.4,«n,4.0,,,,,,,1.2,"1,899",22,100,0,54,"1,810","3,885","3,210","39,239",371,7,8,0.58,¥|
¥x«n¥«,V-98,°ªµ¥ªk°|,0,650,E120.20956,N22.99558,¥x20½u,¥Á¥Íºñ¶é¶êÀô,»O«n¤õ¨®¯¸,0,0,0,800,¥­­ì°Ï,0.80,21.0,ªF,3.5,3.5,,,,2.0,,1.5,"4,821",342,9,0,0,"5,233","10,405","9,011","8,324",839,12,13,0.59,¤»
¥x«n¥«,V-98,°ªµ¥ªk°|,0,650,E120.20956,N22.99558,¥x20½u,¥Á¥Íºñ¶é¶êÀô,»O«n¤õ¨®¯¸,0,0,0,800,¥­­ì°Ï,0.80,21.0,¦è,3.5,3.5,,,,2.0,,1.5,"5,043",340,11,0,0,"7,343","12,737","10,710","10,190","1,222",17,18,0.59,¤»
¥x«n¥«,V-99,¥x«n¤½¶é,1,500,E120.21297,N23.00069,¥x20½u,»O«n¤õ¨®¯¸,ªøºa¸ô,0,800,2,500,¥­­ì°Ï,1.70,18.0,ªF,3.5,3.5,,,,,,2.0,"7,554",304,87,0,2,"14,145","22,092","16,634","37,556","1,304",18,19,0.65,¥|
¥x«n¥«,V-99,¥x«n¤½¶é,1,500,E120.21297,N23.00069,¥x20½u,»O«n¤õ¨®¯¸,ªøºa¸ô,0,800,2,500,¥­­ì°Ï,1.70,18.0,¦è,3.5,3.5,,,,,,2.0,"12,873",343,163,1,46,"23,982","37,408","28,163","63,594","2,432",17,18,0.65,¥|
¥x«n¥«,V-I00,¶}¤¸¾ô,3,170,E120.22628,N23.01119,¥x20½u,ªøºa¸ô,¤¤µØ¸ô,2,500,3,700,¥­­ì°Ï,1.20,17.0,ªF,3.5,4.0,,,,,,1.0,"8,890",154,25,2,2,"9,593","18,666","14,927","22,399","1,254",16,17,0.58,¥|
¥x«n¥«,V-I00,¶}¤¸¾ô,3,170,E120.22628,N23.01119,¥x20½u,ªøºa¸ô,¤¤µØ¸ô,2,500,3,700,¥­­ì°Ï,1.20,17.0,¦è,3.5,4.0,,,,,,1.0,"10,005",188,24,0,6,"17,161","27,384","20,638","32,861","1,737",7,8,0.58,¥|
¥x«n¥«,V-I01,³°­x¯¥°V³¡,5,200,E120.28342,N23.03261,¥x20½u,¤¤µØ¸ô,¥Ã±d,3,700,6,800,¥­­ì°Ï,3.10,17.0,ªF,3.5,4.0,,,,,,1.0,"14,649",128,198,0,20,"15,598","30,593","24,557","94,838","2,734",7,8,0.50,¥|
¥x«n¥«,V-I01,³°­x¯¥°V³¡,5,200,E120.28342,N23.03261,¥x20½u,¤¤µØ¸ô,¥Ã±d,3,700,6,800,¥­­ì°Ï,3.10,17.0,¦è,3.5,4.0,,,,,,1.0,"13,948",161,183,0,29,"15,097","29,418","23,610","91,196","2,697",7,8,0.50,¥|
¥x«n¥«,V-I02,¸¼ªF¾ô,7,650,E120.28342,N23.03261,¥x20½u,¥Ã±d,¤ý¦æ¸ô,6,800,8,600,¥­­ì°Ï,1.80,19.0,ªF,3.5,4.0,,,,,,2.0,"7,381",85,204,4,36,"7,681","15,391","12,544","27,704","1,663",17,18,0.56,¥|
¥x«n¥«,V-I02,¸¼ªF¾ô,7,650,E120.28342,N23.03261,¥x20½u,¥Ã±d,¤ý¦æ¸ô,6,800,8,600,¥­­ì°Ï,1.80,19.0,¦è,3.5,4.0,,,,,,2.0,"8,050",85,159,3,39,"7,327","15,663","12,939","28,193","2,158",7,8,0.56,¥|
¥x«n¥«,V-I03,¶}¹B¾ô,10,0,E120.28342,N23.03261,¥x20½u,¤ý¦æ¸ô,·s¤Æ,8,600,14,0,¥­­ì°Ï,5.40,17.0,ªF,3.5,4.5,,,,,,0.5,"7,611",86,256,0,38,"6,893","14,884","12,374","80,374","1,598",17,18,0.54,¥|
¥x«n¥«,V-I03,¶}¹B¾ô,10,0,E120.28342,N23.03261,¥x20½u,¤ý¦æ¸ô,·s¤Æ,8,600,14,0,¥­­ì°Ï,5.40,17.0,¦è,3.5,4.5,,,,,,0.5,"8,800",88,231,1,44,"7,489","16,653","13,907","89,926","1,880",17,18,0.54,¥|
¥x«n¥«,V-I04,¬K«B¾ô,16,350,E120.33597,N23.06365,¥x20½u,·s¤Æ,Â×¼w,14,0,20,130,¥­­ì°Ï,6.10,19.4,ªF,3.5,3.5,,,,2.0,,0.7,"6,342",94,387,2,88,"2,290","9,203","8,937","56,138","1,001",9,10,0.54,¤é
¥x«n¥«,V-I04,¬K«B¾ô,16,350,E120.33597,N23.06365,¥x20½u,·s¤Æ,Â×¼w,14,0,20,130,¥­­ì°Ï,6.10,19.4,¦è,3.5,3.5,,,,2.0,,0.7,"6,804",99,334,3,58,"2,148","9,446","9,141","57,621","1,171",15,16,0.54,¤é
»O«n¥«,V-I05,©Þ°¨¾ô,24,500,E120.39433,N23.5933,¥x20½u,Â×¼w,¥ªÂí,20,130,25,900,¥C³®°Ï,5.80,18.6,ªF,3.5,3.5,,,,1.7,,0.6,"3,844",13,92,0,31,"1,167","5,147","5,026","29,853",655,9,10,0.55,¤é
»O«n¥«,V-I05,©Þ°¨¾ô,24,500,E120.39433,N23.5933,¥x20½u,Â×¼w,¥ªÂí,20,130,25,900,¥C³®°Ï,5.80,18.6,¦è,3.5,3.5,,,,1.7,,0.6,"4,285",10,89,0,25,"1,269","5,678","5,496","32,932",800,16,17,0.55,¤é
»O«n¥«,V-I06,¥É¤«¾ô,35,700,E120.45808,N23.11930,¥x20½u,¥ªÂí,¥É¤«,25,900,37,100,¥C³®°Ï,11.20,25.4,ªF,3.5,3.5,3.5,,,,,1.0,"3,531",67,86,0,22,"2,263","5,969","5,305","66,853",472,17,18,0.52,¤é
»O«n¥«,V-I06,¥É¤«¾ô,35,700,E120.45808,N23.11930,¥x20½u,¥ªÂí,¥É¤«,25,900,37,100,¥C³®°Ï,11.20,25.4,¦è,3.5,3.5,3.5,,,2.6,,0.8,"3,495",76,105,0,33,"2,090","5,799","5,485","64,949",505,9,10,0.52,¤é
»O«n¥«,V-I07,ÀY¥÷¾ô,42,910,E120.49722,N23.7441,¥x20½u,¥É¤«,°ª¶¯¥«¬É,37,100,53,359,¥C³®°Ï,16.20,17.4,ªF,3.5,3.5,,,,,,1.7,"1,609",18,62,0,41,526,"2,256","2,290","36,547",338,9,10,0.52,¤»
»O«n¥«,V-I07,ÀY¥÷¾ô,42,910,E120.49722,N23.7441,¥x20½u,¥É¤«,°ª¶¯¥«¬É,37,100,53,359,¥C³®°Ï,16.20,17.4,¦è,3.5,3.5,,,,,,1.7,"1,586",15,52,0,41,540,"2,234","2,249","36,191",371,15,16,0.52,¤»
»O«n¥«,V-I08,¤H¥õ¾ô,5,225,E120.45786,N23.4608,¥x20¤A½u,¥ªÂí,«n¤Æ,0,0,7,855,¥C³®°Ï,7.90,7.4,ªF,3.4,,,,,,,0.3,"1,528",17,23,0,2,474,"2,044","1,895","16,148",140,9,10,0.68,¤é
»O«n¥«,V-I08,¤H¥õ¾ô,5,225,E120.45786,N23.4608,¥x20¤A½u,¥ªÂí,«n¤Æ,0,0,7,855,¥C³®°Ï,7.90,7.4,¦è,3.4,,,,,,,0.3,"1,434",17,28,0,2,502,"1,983","1,830","15,666",300,9,10,0.68,¤é
¶³ªL¿¤,V-I14,¾ôÀY,216,0,E120.27816,N23.79417,¥x61½u,¦èÀØ¤j¾ô«nºÝ,³Á¼d,213,975,223,300,¥­­ì°Ï,9.30,19.0,¥_,3.5,3.5,,,,,,2.5,"6,623",54,541,56,"1,690",307,"9,271","12,938","86,220","1,148",15,16,0.54,¤é
¶³ªL¿¤,V-I14,¾ôÀY,216,0,E120.27816,N23.79417,¥x61½u,¦èÀØ¤j¾ô«nºÝ,³Á¼d,213,975,223,300,¥­­ì°Ï,9.30,19.0,«n,3.5,3.5,,,,,,2.5,"5,544",48,548,81,"1,660",255,"8,136","11,814","75,665",986,9,10,0.54,¤é
¶³ªL¿¤,V-I15,±[Â×,226,500,E120.224981,N23.73375,¥x61½u,³Á¼d,¤­±ø´ä,223,300,230,200,¥­­ì°Ï,6.90,19.0,¥_,3.5,3.5,,,,,,2.5,"6,247",50,393,50,"1,210",197,"8,147","10,810","56,214","1,137",17,18,0.57,¤é
¶³ªL¿¤,V-I15,±[Â×,226,500,E120.224981,N23.73375,¥x61½u,³Á¼d,¤­±ø´ä,223,300,230,200,¥­­ì°Ï,6.90,19.0,«n,3.5,3.5,,,,,,2.5,"5,071",55,406,62,"1,294",186,"7,074","9,943","48,811",867,12,13,0.57,¤é
¹Å¸q¿¤,V-I16,¥x¦è¥æ¬y¹D,236,0,E120.16985,N23.669496,¥x61½u,¤­±ø´ä,­¸¨F,230,200,239,971,¥­­ì°Ï,9.80,20.2,¥_,3.5,3.6,,,,,,3.0,"4,526",33,503,83,"1,341",269,"6,755","9,764","66,199",749,17,18,0.58,¥|
¹Å¸q¿¤,V-I16,¥x¦è¥æ¬y¹D,236,0,E120.16985,N23.669496,¥x61½u,¤­±ø´ä,­¸¨F,230,200,239,971,¥­­ì°Ï,9.80,20.2,«n,3.5,3.6,,,,,,3.0,"4,243",39,449,64,"1,220",233,"6,248","8,968","61,230","1,015",15,16,0.58,¥|
¹Å¸q¿¤,V-I09,°ª«O¤j¾ô,7,900,E120.32528,N23.49036,¥x37½u,·s´ä,°ª«O¤j¾ô,0,0,8,0,¥­­ì°Ï,8.00,19.4,¥_,3.5,3.5,,,,2.2,,0.5,"3,387",24,130,5,26,759,"4,331","4,242","34,648",380,17,18,0.51,¤é
¹Å¸q¿¤,V-I09,°ª«O¤j¾ô,7,900,E120.32528,N23.49036,¥x37½u,·s´ä,°ª«O¤j¾ô,0,0,8,0,¥­­ì°Ï,8.00,19.4,«n,3.5,3.5,,,,2.2,,0.5,"3,269",23,118,2,27,716,"4,155","4,069","33,240",362,17,18,0.51,¤é
¹Å¸q¿¤,V-I10,¬K¯],13,800,E120.32256,N23.43708,¥x37½u,°ª«O¤j¾ô,³À¯ó,8,0,14,417,¥­­ì°Ï,6.40,26.4,¥_,3.5,3.5,3.5,,,2.2,,0.5,"4,129",63,161,3,35,418,"4,809","4,873","30,778",485,15,16,0.53,¤é
¹Å¸q¿¤,V-I10,¬K¯],13,800,E120.32256,N23.43708,¥x37½u,°ª«O¤j¾ô,³À¯ó,8,0,14,417,¥­­ì°Ï,6.40,26.4,«n,3.5,3.5,3.5,,,2.2,,0.5,"3,948",69,148,2,33,398,"4,598","4,658","29,427",542,15,16,0.53,¤é
¥x«n¥«,V-I11,«O¦N¸ô¥_°¼,3,100,E120.28579,N23.00671,¥x39½u,·s¤Æ,¤jÆWªF¸ô,0,0,3,200,¥­­ì°Ï,3.20,24.0,ªF,3.5,3.5,,,,4.0,,1.0,"6,763",39,466,3,57,"7,331","14,659","12,833","46,909","2,368",7,8,0.59,¥|
¥x«n¥«,V-I11,«O¦N¸ô¥_°¼,3,100,E120.28579,N23.00671,¥x39½u,·s¤Æ,¤jÆWªF¸ô,0,0,3,200,¥­­ì°Ï,3.20,24.0,¦è,3.5,3.5,,,,4.0,,1.0,"6,495",27,458,5,59,"6,469","13,513","11,943","43,242","1,652",17,18,0.59,¥|
¥x«n¥«,V-I12,¤¤¤s¸ô«n°¼,7,700,E120.27193,N22.96850,¥x39½u,¤jÆWªF¸ô,°ªÅK¯¸,3,200,12,500,¥­­ì°Ï,9.30,24.0,ªF,3.5,3.5,,,,4.0,,1.0,"5,469",49,206,1,52,"5,025","10,802","9,529","100,459","1,217",17,18,0.52,¥|
¥x«n¥«,V-I12,¤¤¤s¸ô«n°¼,7,700,E120.27193,N22.96850,¥x39½u,¤jÆWªF¸ô,°ªÅK¯¸,3,200,12,500,¥­­ì°Ï,9.30,24.0,¦è,3.5,3.5,,,,4.0,,1.0,"5,422",51,244,3,50,"5,117","10,887","9,606","101,249","1,140",7,8,0.52,¥|
¥x«n¥«,V-I13,«n¢°¢µ¢¯½u¥_°¼,15,0,E120.29371,N22.90994,¥x39½u,°ªÅK¯¸,°ª¶¯¥«¬É,12,500,16,371,¥­­ì°Ï,3.90,24.0,ªF,3.5,3.5,,,,4.0,,1.0,"4,051",13,25,0,21,"2,238","6,348","5,739","24,757",505,17,18,0.55,¥|
¥x«n¥«,V-I13,«n¢°¢µ¢¯½u¥_°¼,15,0,E120.29371,N22.90994,¥x39½u,°ªÅK¯¸,°ª¶¯¥«¬É,12,500,16,371,¥­­ì°Ï,3.90,24.0,¦è,3.5,3.5,,,,4.0,,1.0,"4,196",13,29,1,19,"2,233","6,491","5,883","25,315",625,17,18,0.55,¥|
¶³ªL¿¤,V-I17,«C³F,245,500,E120.15367,N23.58950,¥x61½u,­¸¨F,ÀØ®ü¾ô,239,971,248,200,¥­­ì°Ï,8.20,20.0,¥_,3.5,3.5,,,,,,3.0,"4,031",25,418,46,"1,133",158,"5,811","8,328","47,650",805,12,13,0.58,¤»
¶³ªL¿¤,V-I17,«C³F,245,500,E120.15367,N23.58950,¥x61½u,­¸¨F,ÀØ®ü¾ô,239,971,248,200,¥­­ì°Ï,8.20,20.0,«n,3.5,3.5,,,,,,3.0,"4,202",47,393,50,"1,177",183,"6,052","8,654","49,626","1,123",15,16,0.58,¤»
¶³ªL¿¤,V-I18,¦¨Às¤j¾ô,250,700,E120.17361,N23.55250,¥x61½u,ÀØ®ü¾ô,¤ô¤«,248,200,254,500,¥­­ì°Ï,6.30,20.0,¥_,3.5,3.5,,,,,,3.0,"5,598",62,596,48,"1,140",257,"7,701","10,303","48,516",925,15,16,0.53,¤é
¶³ªL¿¤,V-I18,¦¨Às¤j¾ô,250,700,E120.17361,N23.55250,¥x61½u,ÀØ®ü¾ô,¤ô¤«,248,200,254,500,¥­­ì°Ï,6.30,20.0,«n,3.5,3.5,,,,,,3.0,"5,396",39,550,61,"1,195",244,"7,485","10,194","47,156","1,059",12,13,0.53,¤é
¶³ªL¿¤,V-I19,¶³¹Å¤j¾ô,257,500,E120.17186,N23.50225,¥x61½u,¤ô¤«,¶³¹Å¤j¾ô,254,500,257,500,¥­­ì°Ï,3.00,18.0,¥_,3.5,3.5,,,,,,2.0,"5,764",64,604,41,"1,187",99,"7,759","10,509","23,277","1,106",15,16,0.54,¤é
¶³ªL¿¤,V-I19,¶³¹Å¤j¾ô,257,500,E120.17186,N23.50225,¥x61½u,¤ô¤«,¶³¹Å¤j¾ô,254,500,257,500,¥­­ì°Ï,3.00,18.0,«n,3.5,3.5,,,,,,2.0,"5,614",46,508,53,"1,219",137,"7,577","10,343","22,731",960,12,13,0.54,¤é
¹Å¸q¿¤,V-I20,ºô¼d¾ô,266,200,E120.16186,N23.42586,¥x61½u,¶³¹Å¤j¾ô,¥¬³U,257,500,269,78,¥­­ì°Ï,11.60,19.6,¥_,3.5,3.5,,,,,,2.8,"6,524",63,534,45,789,357,"8,312","10,136","96,419","1,434",15,16,0.57,¤é
¹Å¸q¿¤,V-I20,ºô¼d¾ô,266,200,E120.16186,N23.42586,¥x61½u,¶³¹Å¤j¾ô,¥¬³U,257,500,269,78,¥­­ì°Ï,11.60,19.6,«n,3.5,3.5,,,,,,2.8,"5,717",52,444,46,786,225,"7,270","9,092","84,332","1,100",14,15,0.57,¤é
¹Å¸q¿¤,V-I21,Às®c·Ë¾ô,274,100,E120.15558,N23.42586,¥x61½u,¥¬³U,¹Å«n¤j¾ô,269,78,279,423,¥­­ì°Ï,10.30,19.6,¥_,3.5,3.5,,,,,,2.8,"6,295",43,43,8,866,142,"7,397","9,132","76,189","1,061",15,16,0.52,¤é
¹Å¸q¿¤,V-I21,Às®c·Ë¾ô,274,100,E120.15558,N23.42586,¥x61½u,¥¬³U,¹Å«n¤j¾ô,269,78,279,423,¥­­ì°Ï,10.30,19.6,«n,3.5,3.5,,,,,,2.8,"6,293",34,25,7,972,177,"7,508","9,425","77,332",960,15,16,0.52,¤é
¥x«n¥«,V-I22,óË´ä¾ô,283,0,E120.13100,N23.28522,¥x61½u,¹Å«n¤j¾ô,¥_ªù¥æ¬y¹D,279,423,283,700,¥­­ì°Ï,4.30,18.0,¥_,3.5,3.5,,,,,,2.0,"6,557",29,420,34,"1,091",156,"8,287","10,700","35,634","1,002",15,16,0.50,¤é
¥x«n¥«,V-I22,óË´ä¾ô,283,0,E120.13100,N23.28522,¥x61½u,¹Å«n¤j¾ô,¥_ªù¥æ¬y¹D,279,423,283,700,¥­­ì°Ï,4.30,18.0,«n,3.5,3.5,,,,,,2.0,"6,505",24,305,40,957,212,"8,043","10,117","34,585",984,15,16,0.50,¤é
¥x«n¥«,V-I23,¥ÃµØ¾ô,287,0,E120.11211,N23.25505,¥x61½u,¥_ªù¥æ¬y¹D,¤T¼dÆW¥æ¬y¹D,283,700,288,700,¥­­ì°Ï,5.00,18.0,¥_,3.5,3.5,,,,,,2.0,"2,772",15,166,3,93,127,"3,176","3,408","15,880",630,14,15,0.53,¤é
¥x«n¥«,V-I23,¥ÃµØ¾ô,287,0,E120.11211,N23.25505,¥x61½u,¥_ªù¥æ¬y¹D,¤T¼dÆW¥æ¬y¹D,283,700,288,700,¥­­ì°Ï,5.00,18.0,«n,3.5,3.5,,,,,,2.0,"2,842",17,147,3,80,162,"3,251","3,435","16,255",551,16,17,0.53,¤é
¥x«n¥«,V-I24,±N­x,293,0,E120.9700,N23.20311,¥x61½u,¤T¼dÆW¥æ¬y¹D,±N­x¥æ¬y¹D,288,700,292,400,¥­­ì°Ï,3.70,18.0,¥_,3.5,3.5,,,,,,2.0,"2,058",16,67,1,65,36,"2,243","2,403","8,299",321,11,12,0.65,¤é
¥x«n¥«,V-I24,±N­x,293,0,E120.9700,N23.20311,¥x61½u,¤T¼dÆW¥æ¬y¹D,±N­x¥æ¬y¹D,288,700,292,400,¥­­ì°Ï,3.70,18.0,«n,3.5,3.5,,,,,,2.0,"2,850",12,103,4,61,151,"3,181","3,309","11,770",587,11,12,0.65,¤é
¶³ªL¿¤,V-I25,ªF¶Õ,8,40,E120.255475,N23.684565,¥x78½u,¥x¦è,ªF¶Õ,0,0,15,262,¥­­ì°Ï,15.30,20.8,ªF,3.7,3.7,,,,,,3.0,"3,231",39,141,4,132,169,"3,716","4,011","56,855",377,15,16,0.51,¤é
¶³ªL¿¤,V-I25,ªF¶Õ,8,40,E120.255475,N23.684565,¥x78½u,¥x¦è,ªF¶Õ,0,0,15,262,¥­­ì°Ï,15.30,20.8,¦è,3.7,3.7,,,,,,3.0,"2,550",54,130,7,147,190,"3,078","3,402","47,093",393,17,18,0.51,¤é
¶³ªL¿¤,V-I26,¤¸ªø,15,300,E120.32324,N23.68790,¥x78½u,ªF¶Õ,ªê§À,15,262,25,417,¥­­ì°Ï,10.20,20.8,ªF,3.7,3.7,,,,,,3.0,"7,118",96,199,11,281,53,"7,758","8,469","79,132",917,17,18,0.51,¥|
¶³ªL¿¤,V-I26,¤¸ªø,15,300,E120.32324,N23.68790,¥x78½u,ªF¶Õ,ªê§À,15,262,25,417,¥­­ì°Ï,10.20,20.8,¦è,3.7,3.7,,,,,,3.0,"7,949",100,255,6,285,75,"8,670","9,400","88,434",939,7,8,0.51,¥|
¶³ªL¿¤,V-I27,¶³ªL¨t²Î,29,300,E120.450408,N23.674842,¥x78½u,ªê§À,¤æ«n,25,417,30,400,¥­­ì°Ï,5.00,20.8,ªF,3.7,3.7,,,,,,3.0,"18,657",210,"1,024",26,607,196,"20,720","22,525","103,600","1,695",17,18,0.55,¤»
¶³ªL¿¤,V-I27,¶³ªL¨t²Î,29,300,E120.450408,N23.674842,¥x78½u,ªê§À,¤æ«n,25,417,30,400,¥­­ì°Ï,5.00,20.8,¦è,3.7,3.7,,,,,,3.0,"19,813",186,964,35,672,177,"21,847","23,765","109,235","2,093",15,16,0.55,¤»
¶³ªL¿¤,V-I28,¦¿­í,38,300,E120.524910,N23.664353,¥x78½u,¤æ«n,¤æ¤»,30,400,39,400,¥­­ì°Ï,9.00,19.8,ªF,3.7,3.7,,,,,,2.5,"13,893",160,598,30,542,154,"15,377","16,838","138,393","1,596",17,18,0.50,¤é
¶³ªL¿¤,V-I28,¦¿­í,38,300,E120.524910,N23.664353,¥x78½u,¤æ«n,¤æ¤»,30,400,39,400,¥­­ì°Ï,9.00,19.8,¦è,3.7,3.7,,,,,,2.5,"13,345",144,467,23,607,153,"14,739","16,244","132,651","1,568",17,18,0.50,¤é
¶³ªL¿¤,V-I29,¥Ð¤ß,40,100,E120.544152,N23.671107,¥x78½u,¤æ¤»,¥j§|,39,400,42,879,¥­­ì°Ï,3.50,20.8,ªF,3.7,3.7,,,,,,3.0,"9,194",136,380,12,547,0,"10,269","11,645","35,942","1,191",15,16,0.54,¤é
¶³ªL¿¤,V-I29,¥Ð¤ß,40,100,E120.544152,N23.671107,¥x78½u,¤æ¤»,¥j§|,39,400,42,879,¥­­ì°Ï,3.50,20.8,¦è,3.7,3.7,,,,,,3.0,"9,167",97,533,21,521,0,"10,339","11,739","36,187","1,008",17,18,0.54,¤é
¹Å¸q¿¤,V-I30,ªF¥Û¤j¾ô,3,650,E120.18967,N23.45222,¥x82½u,ªF¥ÛºÝ,¦µ¤l,0,0,11,500,¥­­ì°Ï,11.50,20.0,ªF,3.5,3.5,,,,2.0,,1.0,"6,082",133,274,1,80,"1,131","7,701","7,728","88,562",966,17,18,0.53,¤»
¹Å¸q¿¤,V-I30,ªF¥Û¤j¾ô,3,650,E120.18967,N23.45222,¥x82½u,ªF¥ÛºÝ,¦µ¤l,0,0,11,500,¥­­ì°Ï,11.50,20.0,¦è,3.5,3.5,,,,2.0,,1.0,"6,222",137,306,5,83,"1,088","7,841","7,913","90,172","1,101",11,12,0.53,¤»
¹Å¸q¿¤,V-I31,¦µ¤l,11,700,E120.25967,N23.45222,¥x82½u,¦µ¤l,°¨¸Y«á,11,500,13,800,¥­­ì°Ï,2.30,19.0,ªF,3.5,3.5,,,,,,2.5,"10,761",116,504,5,145,57,"11,588","12,175","26,652","1,377",15,16,0.51,¤é
¹Å¸q¿¤,V-I31,¦µ¤l,11,700,E120.25967,N23.45222,¥x82½u,¦µ¤l,°¨¸Y«á,11,500,13,800,¥­­ì°Ï,2.30,19.0,¦è,3.5,3.5,,,,,,2.5,"11,099",120,555,5,143,48,"11,970","12,585","27,531","1,318",11,12,0.51,¤é
¹Å¸q¿¤,V-I32,«á¼d,19,0,E120.32269,N23.42861,¥x82½u,°¨¸Y«á,¤¤¤s°ª¥æ¬y¹D,13,800,22,530,¥­­ì°Ï,8.70,21.2,ªF,3.8,3.8,,,,,,3.0,"12,095",149,562,10,175,54,"13,045","13,749","113,492","1,488",8,9,0.53,¥|
¹Å¸q¿¤,V-I32,«á¼d,19,0,E120.32269,N23.42861,¥x82½u,°¨¸Y«á,¤¤¤s°ª¥æ¬y¹D,13,800,22,530,¥­­ì°Ï,8.70,21.2,¦è,3.8,3.8,,,,,,3.0,"12,263",144,519,9,187,92,"13,214","13,901","114,962","1,666",17,18,0.53,¥|
¹Å¸q¿¤,V-I33,¤¤ÉÜ,31,900,E120.44503,N23.42944,¥x82½u,¤¤¤s°ª¥æ¬y¹D,Âb·}¾ð¨¤,22,530,32,0,¥­­ì°Ï,9.50,21.2,ªF,3.8,3.8,,,,,,3.0,"12,731",121,117,12,308,38,"13,327","14,072","126,607","1,148",16,17,0.52,¤é
¹Å¸q¿¤,V-I33,¤¤ÉÜ,31,900,E120.44503,N23.42944,¥x82½u,¤¤¤s°ª¥æ¬y¹D,Âb·}¾ð¨¤,22,530,32,0,¥­­ì°Ï,9.50,21.2,¦è,3.8,3.8,,,,,,3.0,"11,764",114,100,5,259,38,"12,280","12,900","116,660","1,047",15,16,0.52,¤é
¹Å¸q¿¤,V-I34,Âb·}¾ð¨¤,33,100,E120.45500,N23.43281,¥x82½u,Âb·}¾ð¨¤,·Ë©³¼d,32,0,33,959,¥­­ì°Ï,2.00,21.2,ªF,3.8,3.8,,,,,,3.0,"8,076",110,91,9,270,0,"8,556","9,215","17,112",863,17,18,0.53,¤é
¹Å¸q¿¤,V-I34,Âb·}¾ð¨¤,33,100,E120.45500,N23.43281,¥x82½u,Âb·}¾ð¨¤,·Ë©³¼d,32,0,33,959,¥­­ì°Ï,2.00,21.2,¦è,3.8,3.8,,,,,,3.0,"9,399",97,97,8,196,1,"9,798","10,304","19,596",977,15,16,0.53,¤é
¥x«n¥«,V-I35,¾Ç¥Ò¥æ¬y¹D,9,0,E120.20928,N23.24027,¥x84½u,¾Ç¥Ò¥æ¬y¹D,°ê¤@,8,640,13,981,¥­­ì°Ï,5.30,18.6,ªF,3.5,3.5,,,,,,2.3,"8,401",65,635,82,"1,346",39,"10,568","13,759","56,010",994,11,12,0.53,¤é
¥x«n¥«,V-I35,¾Ç¥Ò¥æ¬y¹D,9,0,E120.20928,N23.24027,¥x84½u,¾Ç¥Ò¥æ¬y¹D,°ê¤@,8,640,13,981,¥­­ì°Ï,5.30,18.6,¦è,3.5,3.5,,,,,,2.3,"8,658",71,417,69,"1,246",44,"10,505","13,362","55,677","1,115",17,18,0.53,¤é
¥x«n¥«,V-I36,¦èÉÜ¥æ¬y¹D,22,0,E120.30272,N23.18069,¥x84½u,°ê¤@,¥x¤@,13,981,26,462,¥­­ì°Ï,12.50,18.6,ªF,3.5,3.5,,,,,,2.3,"5,785",49,463,53,463,122,"6,935","8,175","86,688",778,16,17,0.55,¤é
¥x«n¥«,V-I36,¦èÉÜ¥æ¬y¹D,22,0,E120.30272,N23.18069,¥x84½u,°ê¤@,¥x¤@,13,981,26,462,¥­­ì°Ï,12.50,18.6,¦è,3.5,3.5,,,,,,2.3,"5,873",54,466,37,456,143,"7,029","8,218","87,863",943,16,17,0.55,¤é
¥x«n¥«,V-I37,¤j¤º¥æ¬y¹D,32,0,E120.36788,N23.14530,¥x84½u,¥x¤@,¨«°¨Ãu,26,462,37,800,¥­­ì°Ï,11.30,18.8,ªF,3.5,3.6,,,,,,2.3,"6,045",53,98,2,65,90,"6,353","6,527","71,789",984,17,18,0.58,¤»
¥x«n¥«,V-I37,¤j¤º¥æ¬y¹D,32,0,E120.36788,N23.14530,¥x84½u,¥x¤@,¨«°¨Ãu,26,462,37,800,¥­­ì°Ï,11.30,18.8,¦è,3.5,3.6,,,,,,2.3,"5,742",51,91,2,71,67,"6,024","6,215","68,071",714,10,11,0.58,¤»
¥x«n¥«,V-I38,¥ÉÂ×¤j¾ô,40,470,E120.43550,N23.13744,¥x84½u,¨«°¨Ãu,¥É¤«ºÝ,37,800,41,428,¥­­ì°Ï,3.60,22.0,ªF,3.5,3.5,,,,2.0,,2.0,"6,913",108,272,1,91,"1,200","8,585","8,599","30,906",773,11,12,0.54,¤é
¥x«n¥«,V-I38,¥ÉÂ×¤j¾ô,40,470,E120.43550,N23.13744,¥x84½u,¨«°¨Ãu,¥É¤«ºÝ,37,800,41,428,¥­­ì°Ï,3.60,22.0,¦è,3.5,3.5,,,,2.0,,2.0,"6,348",150,221,0,85,899,"7,703","7,789","27,731",660,15,16,0.54,¤é
¥x«n¥«,V-I39,©ú¿³¸ô¤W¤è,0,550,E120.29371,N22.90994,¥x86½u,¥x¢°¢¶½u,ÆW¸Ì¥æ¬y¹D,0,0,2,0,¥­­ì°Ï,2.00,18.0,ªF,3.5,3.5,,,,,,2.0,"15,485",49,335,13,554,52,"16,488","17,794","32,976","1,498",17,18,0.52,¤»
¥x«n¥«,V-I39,©ú¿³¸ô¤W¤è,0,550,E120.29371,N22.90994,¥x86½u,¥x¢°¢¶½u,ÆW¸Ì¥æ¬y¹D,0,0,2,0,¥­­ì°Ï,2.00,18.0,¦è,3.5,3.5,,,,,,2.0,"15,994",67,425,21,497,32,"17,036","18,306","34,072","1,624",11,12,0.52,¤»
¥x«n¥«,V-I40,¸ô¾ô¤U,3,700,E120.20979,N22.92728,¥x86½u,ÆW¸Ì¥æ¬y¹D,¥x«n¥æ¬y¹D,2,0,5,300,¥­­ì°Ï,3.30,18.0,ªF,3.5,3.5,,,,,,2.0,"21,617",104,121,8,460,71,"22,381","23,402","73,857","2,428",7,8,0.53,¥|
¥x«n¥«,V-I40,¸ô¾ô¤U,3,700,E120.20979,N22.92728,¥x86½u,ÆW¸Ì¥æ¬y¹D,¥x«n¥æ¬y¹D,2,0,5,300,¥­­ì°Ï,3.30,18.0,¦è,3.5,3.5,,,,,,2.0,"21,633",140,118,10,577,9,"22,487","23,786","74,207","2,159",18,19,0.53,¥|
¥x«n¥«,V-I41,¿û«ý¾ô,6,0,E120.28579,N23.00671,¥x86½u,¥x«n¥æ¬y¹D,¤¯¼w¨t²Î¥æ¬y¹D,5,300,8,400,¥­­ì°Ï,3.10,19.0,ªF,3.5,3.5,,,,,,2.5,"36,686",218,740,37,803,71,"38,555","40,686","119,521","3,717",17,18,0.50,¤»
¥x«n¥«,V-I41,¿û«ý¾ô,6,0,E120.28579,N23.00671,¥x86½u,¥x«n¥æ¬y¹D,¤¯¼w¨t²Î¥æ¬y¹D,5,300,8,400,¥­­ì°Ï,3.10,19.0,¦è,3.5,3.5,,,,,,2.5,"37,002",199,930,36,732,97,"38,996","41,058","120,888","3,648",15,16,0.50,¤»
¥x«n¥«,V-I42,¹A¸ô°ª¬[¾ô,10,600,E120.27193,N22.96850,¥x86½u,¤¯¼w¨t²Î¥æ¬y¹D,¤j¼æ¥æ¬y¹D,8,400,11,600,¥­­ì°Ï,3.20,20.0,ªF,3.5,3.5,,,,,,3.0,"27,143",153,661,39,840,57,"28,893","31,036","92,458","3,347",10,11,0.52,¤»
¥x«n¥«,V-I42,¹A¸ô°ª¬[¾ô,10,600,E120.27193,N22.96850,¥x86½u,¤¯¼w¨t²Î¥æ¬y¹D,¤j¼æ¥æ¬y¹D,8,400,11,600,¥­­ì°Ï,3.20,20.0,¦è,3.5,3.5,,,,,,3.0,"27,455",167,549,32,992,49,"29,244","31,631","93,581","3,636",17,18,0.52,¤»
¥x«n¥«,V-I43,¢±¢°¸¹¾ô,14,800,E120.29371,N22.90994,¥x86½u,¤j¼æ¥æ¬y¹D,Âk¤¯¥æ¬y¹D,11,600,16,600,¥­­ì°Ï,5.00,20.0,ªF,3.5,3.5,,,,,,3.0,"11,193",87,562,34,703,3,"12,582","14,380","62,910","1,127",14,15,0.50,¤»
¥x«n¥«,V-I43,¢±¢°¸¹¾ô,14,800,E120.29371,N22.90994,¥x86½u,¤j¼æ¥æ¬y¹D,Âk¤¯¥æ¬y¹D,11,600,16,600,¥­­ì°Ï,5.00,20.0,¦è,3.5,3.5,,,,,,3.0,"10,687",88,483,24,699,1,"11,982","13,714","59,910","1,136",17,18,0.50,¤»
¥x«n¥«,V-I44,Ãö¼qºÝ¥[ªo¯¸,18,700,E120.31644,N22.97389,¥x86½u,Âk¤¯¥æ¬y¹D,Ãö¼q,16,600,18,900,¥­­ì°Ï,2.30,17.6,ªF,3.5,3.5,,,,1.5,,0.3,"17,094",115,333,15,652,458,"18,667","20,089","42,934","2,537",10,11,0.55,¥|
¥x«n¥«,V-I44,Ãö¼qºÝ¥[ªo¯¸,18,700,E120.31644,N22.97389,¥x86½u,Âk¤¯¥æ¬y¹D,Ãö¼q,16,600,18,900,¥­­ì°Ï,2.30,17.6,¦è,3.5,3.5,,,,1.5,,0.3,"15,928",106,291,14,682,466,"17,487","18,938","40,220","2,096",17,18,0.55,¥|
¹Å¸q¿¤,V-I45,¤j¸q¸ô,20,400,E120.48070,N23.45118,¥x18½u,«áÉÜ,¤j¸q¸ô,20,400,20,500,¥­­ì°Ï,0.10,12.6,ªF,3.5,,,,,,,2.8,"10,693",143,287,3,68,"2,357","13,551","12,945","1,355","1,042",17,18,0.58,¤»
¹Å¸q¿¤,V-I45,¤j¸q¸ô,20,400,E120.48070,N23.45118,¥x18½u,«áÉÜ,¤j¸q¸ô,20,400,20,500,¥­­ì°Ï,0.10,12.6,¦è,3.5,,,,,,,2.8,"11,422",130,263,3,44,"3,075","14,937","13,887","1,494","1,457",17,18,0.58,¤»
¹Å¸q¿¤,V-I46,³»¤»,21,750,E120.49472,N23.44583,¥x18½u,¤j¸q¸ô,³»¤»,20,500,21,750,¥­­ì°Ï,1.20,18.2,ªF,3.4,3.4,,,,,,2.3,"11,752",216,202,5,129,"3,257","15,561","14,735","20,229","1,290",12,13,0.54,¤é
¹Å¸q¿¤,V-I46,³»¤»,21,750,E120.49472,N23.44583,¥x18½u,¤j¸q¸ô,³»¤»,20,500,21,750,¥­­ì°Ï,1.20,18.2,¦è,3.4,3.4,,,,,,2.3,"11,460",164,195,5,129,"3,376","15,329","14,427","19,928","1,515",15,16,0.54,¤é
¥x«n¥«,V-I47,¦è¼d¨½(«n¢±¢´¡Ð¢°¤W¤è),296,100,E120.09211,N23.17529,¥x61½u,±N­x¥æ¬y¹D,¤CªÑ¥æ¬y¹D,292,400,298,300,¥­­ì°Ï,5.90,18.0,¥_,3.5,3.5,,,,,,2.0,"1,960",10,51,0,49,98,"2,168","2,258","12,791",343,12,13,0.55,¤é
¥x«n¥«,V-I47,¦è¼d¨½(«n¢±¢´¡Ð¢°¤W¤è),296,100,E120.09211,N23.17529,¥x61½u,±N­x¥æ¬y¹D,¤CªÑ¥æ¬y¹D,292,400,298,300,¥­­ì°Ï,5.90,18.0,«n,3.5,3.5,,,,,,2.0,"2,206",8,77,1,46,133,"2,471","2,555","14,579",422,17,18,0.55,¤é
¥x«n¥«,V-I48,¤TªÑ¨½(«n¢²¢·¤W¤è),304,200,E120.08631,N23.10283,¥x61½u,¤CªÑ¥æ¬y¹D,¤Q¥÷¥æ¬y¹D,298,300,305,0,¥­­ì°Ï,6.70,18.0,¥_,3.5,3.5,,,,,,2.0,"1,802",9,71,1,53,105,"2,041","2,148","13,675",314,16,17,0.57,¤é
¥x«n¥«,V-I48,¤TªÑ¨½(«n¢²¢·¤W¤è),304,200,E120.08631,N23.10283,¥x61½u,¤CªÑ¥æ¬y¹D,¤Q¥÷¥æ¬y¹D,298,300,305,0,¥­­ì°Ï,6.70,18.0,«n,3.5,3.5,,,,,,2.0,"2,173",13,70,2,45,141,"2,444","2,524","16,375",418,18,19,0.57,¤é
¥x«n¥«,V-I49,óËñÊ¾ô,141,374,E120.13,N23.283,¥x17½u,¹Å«n¿¤¬É,·Ë©³¼d,137,770,144,568,¥­­ì°Ï,6.80,17.6,¥_,3.5,4.0,,,,,,1.3,"3,133",56,65,0,17,"1,290","4,561","4,140","31,015",672,17,18,0.57,¤é
¥x«n¥«,V-I49,óËñÊ¾ô,141,374,E120.13,N23.283,¥x17½u,¹Å«n¿¤¬É,·Ë©³¼d,137,770,144,568,¥­­ì°Ï,6.80,17.6,«n,3.5,4.0,,,,,,1.3,"2,599",60,74,1,24,"1,024","3,782","3,489","25,718",512,10,11,0.57,¤é
¥x«n¥«,V-I50,¥_ªù¥æ¬y¹D,1,200,E120.13849,N23.27456,¥x84½u,°_ÂI,¾Ç¥Ò¥æ¬y¹D,0,0,8,640,¥­­ì°Ï,8.60,18.6,ªF,3.5,3.5,,,,,,2.3,"6,519",100,398,59,"1,021",74,"8,171","10,550","70,271",819,18,19,0.58,¤é
¥x«n¥«,V-I50,¥_ªù¥æ¬y¹D,1,200,E120.13849,N23.27456,¥x84½u,°_ÂI,¾Ç¥Ò¥æ¬y¹D,0,0,8,640,¥­­ì°Ï,8.60,18.6,¦è,3.5,3.5,,,,,,2.3,"6,541",122,463,47,866,134,"8,173","10,238","70,288","1,126",10,11,0.58,¤é
¹Å¸q¿¤,V-I51,¤f´ò«n¤U¥X¤f¥`¹D,245,600,E120.15306,N23.58823,¥x61½u,¤f´ò«n¤U¥X¤f¥`¹D,¤f´ò«n¤U¥X¤f¥`¹D,245,600,245,600,¥­­ì°Ï,0.00,5.2,¥_,,,,,,,,,0,0,0,0,0,0,0,0,0,0,10,11,1.00,¤»
¹Å¸q¿¤,V-I51,¤f´ò«n¤U¥X¤f¥`¹D,245,600,E120.15306,N23.58823,¥x61½u,¤f´ò«n¤U¥X¤f¥`¹D,¤f´ò«n¤U¥X¤f¥`¹D,245,600,245,600,¥­­ì°Ï,0.00,5.2,«n,3.8,,,,,,,1.4,905,7,44,7,90,56,"1,109","1,326",0,235,10,11,1.00,¤»
¹Å¸q¿¤,V-I52,¤f´ò¥_¤W¥X¤f¥`¹D,247,300,E120.15160,N23.57456,¥x61½u,¤f´ò¥_¤W¥X¤f¥`¹D,¤f´ò¥_¤W¥X¤f¥`¹D,247,300,247,300,¥­­ì°Ï,0.00,5.2,¥_,3.8,,,,,,,1.4,931,12,48,1,27,109,"1,128","1,190",0,190,17,18,1.00,¤é
¹Å¸q¿¤,V-I52,¤f´ò¥_¤W¥X¤f¥`¹D,247,300,E120.15160,N23.57456,¥x61½u,¤f´ò¥_¤W¥X¤f¥`¹D,¤f´ò¥_¤W¥X¤f¥`¹D,247,300,247,300,¥­­ì°Ï,0.00,5.2,«n,,,,,,,,,0,0,0,0,0,0,0,0,0,0,17,18,1.00,¤é
¹Å¸q¿¤,V-I53,¤f´ò¥ð®§¯¸,103,700,E120.15136,N23.57449,¥x17½u,¤f´ò¥ð®§¯¸,¤f´ò¥ð®§¯¸,103,700,103,700,¥­­ì°Ï,0.00,26.9,¥_,3.5,3.4,3.2,3.2,,,,0.9,"3,013",40,112,2,43,980,"4,190","3,964",0,485,15,16,0.76,¤é
¹Å¸q¿¤,V-I53,¤f´ò¥ð®§¯¸,103,700,E120.15136,N23.57449,¥x17½u,¤f´ò¥ð®§¯¸,¤f´ò¥ð®§¯¸,103,700,103,700,¥­­ì°Ï,0.00,26.9,«n,3.3,3.4,3.6,3.2,,,,2.4,"2,362",46,61,1,55,849,"3,374","3,200",0,"1,508",8,9,0.76,¤é
