"","縣市別","調查站_編號","調查站_地點","調查站_樁號_K","調查站_樁號_百位數","調查站_座標_經度","調查站_座標_緯度","路線編號","起迄地名_起點","起迄地名_迄點","起點樁號_K","起點樁號_百位數","迄點樁號_K","迄點樁號_百位數","地形","里程(公里)","路面寬度(公尺)","方向(往)","車道佈設_快車道寬度(公尺)_1","車道佈設_快車道寬度(公尺)_2","車道佈設_快車道寬度(公尺)_3","車道佈設_快車道寬度(公尺)_4","車道佈設_快車道寬度(公尺)_5","車道佈設_機慢車道寬度(公尺)_1","車道佈設_機慢車道寬度(公尺)_2","車道佈設_路肩寬度(公尺)","各車種車輛數(輛/日)_小型車","各車種車輛數(輛/日)_大客車","各車種車輛數(輛/日)_大貨車","各車種車輛數(輛/日)_全聯結車","各車種車輛數(輛/日)_半聯結車","各車種車輛數(輛/日)_機車","各車種車輛數(輛/日)_合計","總計_流量(PCU)","總計_車公里","尖峰小時_交通量(PCU)","尖峰小時_時段_起","尖峰小時_時段_迄","方向係數","備註"
"1","雲林縣","V-01","西螺",229,500,"E120.47163","N23.79468","台1線","溪州大橋南端","莿桐",227,963,233,100,"平原區",5.1,21,"北",3.5,3.5,NA,NA,NA,2.5,NA,1,3305,14,267,14,131,598,4329,4581,22078,520,17,18,0.53,"日"
"2","雲林縣","V-01","西螺",229,500,"E120.47163","N23.79468","台1線","溪州大橋南端","莿桐",227,963,233,100,"平原區",5.1,21,"南",3.5,3.5,NA,NA,NA,2.5,NA,1,3074,21,272,10,157,658,4192,4476,21379,464,7,8,0.53,"日"
"3","雲林縣","V-02","新虎尾溪橋",234,200,"E120.496968","N23.750205","台1線","莿桐","惠來厝",233,100,236,400,"平原區",3.3,21.8,"北",3.7,3.7,NA,NA,NA,3,NA,0.5,3653,15,148,1,103,1650,5570,5365,18381,716,17,18,0.52,"日"
"4","雲林縣","V-02","新虎尾溪橋",234,200,"E120.496968","N23.750205","台1線","莿桐","惠來厝",233,100,236,400,"平原區",3.3,21.8,"南",3.7,3.7,NA,NA,NA,3,NA,0.5,3270,18,159,2,135,1867,5451,5254,17988,659,7,8,0.52,"日"
"5","雲林縣","V-03","虎尾溪橋",239,0,"E120.483807","N23.709371","台1線","惠來厝","北勢子",236,400,240,900,"平原區",4.5,20.2,"北",3.7,3.7,NA,NA,NA,2.2,NA,0.5,3935,26,193,2,155,1387,5698,5706,25641,684,7,8,0.51,"四"
"6","雲林縣","V-03","虎尾溪橋",239,0,"E120.483807","N23.709371","台1線","惠來厝","北勢子",236,400,240,900,"平原區",4.5,20.2,"南",3.7,3.7,NA,NA,NA,2.2,NA,0.5,4237,18,154,1,122,1328,5860,5794,26370,652,17,18,0.51,"四"
"7","雲林縣","V-04","石牛溪橋",241,500,"E120.480632","N23.685332","台1線","北勢子","斗南",240,900,245,300,"平原區",4.4,26.2,"北",3.5,3.5,3.5,NA,NA,2.2,NA,0.4,11374,85,175,2,73,5825,17534,16068,77150,1782,17,18,0.53,"四"
"8","雲林縣","V-04","石牛溪橋",241,500,"E120.480632","N23.685332","台1線","北勢子","斗南",240,900,245,300,"平原區",4.4,26.2,"南",3.5,3.5,3.5,NA,NA,2.2,NA,0.4,11580,75,221,2,65,5806,17749,16290,78096,1606,7,8,0.53,"四"
"9","雲林縣","V-05","豐田工業區",247,500,"E120.471297","N23.648533","台1線","斗南","雲嘉縣界",245,300,248,411,"平原區",3.1,22.6,"北",3.7,3.7,NA,NA,NA,2.4,NA,1.5,6618,65,285,6,143,2279,9396,9186,29128,847,17,18,0.51,"四"
"10","雲林縣","V-05","豐田工業區",247,500,"E120.471297","N23.648533","台1線","斗南","雲嘉縣界",245,300,248,411,"平原區",3.1,22.6,"南",3.7,3.7,NA,NA,NA,2.4,NA,1.5,6602,52,200,3,134,2825,9816,9369,30430,882,17,18,0.51,"四"
"11","嘉義縣","V-06","三疊溪橋",253,300,"E120.44403","N23.59072","台1線","雲嘉縣界","民雄",248,411,257,386,"平原區",9,20.8,"北",3.7,3.7,NA,NA,NA,2,NA,1,5594,68,131,1,40,3772,9606,8656,86454,1012,17,18,0.6,"四"
"12","嘉義縣","V-06","三疊溪橋",253,300,"E120.44403","N23.59072","台1線","雲嘉縣界","民雄",248,411,257,386,"平原區",9,20.8,"南",3.7,3.7,NA,NA,NA,2,NA,1,6578,98,389,30,136,3610,10841,10334,97569,1521,15,16,0.6,"四"
"13","嘉義縣","V-07","吳鳳工專",260,0,"E120.43619","N23.53644","台1線","民雄","嘉義縣市北界",257,386,261,632,"平原區",4.2,29.2,"北",3.5,3.5,3.5,NA,NA,2,NA,2.1,11354,142,224,16,168,7668,19572,17823,82202,1775,17,18,0.55,"四"
"14","嘉義縣","V-07","吳鳳工專",260,0,"E120.43619","N23.53644","台1線","民雄","嘉義縣市北界",257,386,261,632,"平原區",4.2,29.2,"南",3.5,3.5,3.5,NA,NA,2,NA,2.1,11258,151,273,16,178,7274,19150,17569,80430,1479,7,8,0.55,"四"
"15","嘉義市","V-08","後湖",264,300,"E120.45036","N23.50000","台1線","嘉義縣市北界","博東路",261,632,265,238,"平原區",3.6,32.2,"北",3.5,3.5,3.5,NA,NA,2.8,NA,2.8,19778,266,196,3,32,14437,34712,30682,124963,2902,17,18,0.56,"四"
"16","嘉義市","V-08","後湖",264,300,"E120.45036","N23.50000","台1線","嘉義縣市北界","博東路",261,632,265,238,"平原區",3.6,32.2,"南",3.5,3.5,3.5,NA,NA,2.8,NA,2.8,20778,238,269,7,71,14800,36163,32133,130187,3728,7,8,0.56,"四"
"17","嘉義市","V-09","博愛路",267,600,"E120.43871","N23.48060","台1線","博東路","北港路",265,238,267,864,"平原區",2.6,21,"北",3.5,3.5,NA,NA,NA,2,NA,1.5,7061,51,79,0,16,7718,14925,12708,38805,1117,17,18,0.56,"日"
"18","嘉義市","V-09","博愛路",267,600,"E120.43871","N23.48060","台1線","博東路","北港路",265,238,267,864,"平原區",2.6,21,"南",3.5,3.5,NA,NA,NA,2,NA,1.5,5353,64,58,0,4,5776,11255,9591,29263,891,17,18,0.56,"日"
"19","嘉義市","V-10","港子坪",269,300,"E120.42797","N23.46811","台1線","北港路","嘉義縣市南界",267,864,269,847,"平原區",2,22.6,"北",3.5,3.5,NA,NA,NA,2.4,NA,1.5,8191,88,71,0,22,6353,14725,12943,29450,1143,17,18,0.57,"六"
"20","嘉義市","V-10","港子坪",269,300,"E120.42797","N23.46811","台1線","北港路","嘉義縣市南界",267,864,269,847,"平原區",2,22.6,"南",3.5,3.5,NA,NA,NA,2.4,NA,2.3,6364,78,71,0,7,4762,11282,9942,22564,865,7,8,0.57,"六"
"21","嘉義縣","V-11","水上",272,400,"E120.40892","N23.44582","台1線","嘉義縣市南界","水上",269,847,273,895,"平原區",4,27.4,"北",3.5,3.5,3.5,NA,NA,2.5,NA,0.7,9870,96,269,3,55,5055,15348,14131,61392,1577,17,18,0.57,"四"
"22","嘉義縣","V-11","水上",272,400,"E120.40892","N23.44582","台1線","嘉義縣市南界","水上",269,847,273,895,"平原區",4,27.4,"南",3.5,3.5,3.5,NA,NA,2.5,NA,0.7,9065,107,258,3,55,4328,13816,12817,55264,1203,7,8,0.57,"四"
"23","嘉義縣","V-12","八掌溪橋",277,800,"E120.38186","N23.40247","台1線","水上","嘉南縣界",273,895,278,183,"平原區",4.3,22,"北",3.8,3.7,NA,NA,NA,2.8,NA,0.4,5689,46,234,6,68,1897,7940,7659,34142,747,17,18,0.51,"四"
"24","嘉義縣","V-12","八掌溪橋",277,800,"E120.38186","N23.40247","台1線","水上","嘉南縣界",273,895,278,183,"平原區",4.3,22,"南",3.8,3.7,NA,NA,NA,2.8,NA,1,5509,43,254,12,89,1982,7889,7645,33923,715,17,18,0.51,"四"
"25","台南市","V-13","卯舍橋",287,711,"E120.33866","N23.32330","台1線","嘉南縣界","新營",278,183,289,759,"平原區",11.6,19.4,"北",3.5,3.5,NA,NA,NA,2,NA,0.7,6103,78,187,8,179,2746,9301,8984,107892,755,17,18,0.5,"六"
"26","台南市","V-13","卯舍橋",287,711,"E120.33866","N23.32330","台1線","嘉南縣界","新營",278,183,289,759,"平原區",11.6,19.4,"南",3.5,3.5,NA,NA,NA,2,NA,0.7,6345,76,134,2,149,2822,9528,9088,110525,751,9,10,0.5,"六"
"27","台南市","V-14","新文橋",296,63,"E120.2272","N23.25988","台1線","新營","龜子港",289,759,296,725,"平原區",7,28,"北",3.5,3.5,NA,NA,NA,2.2,NA,4.8,8284,100,61,3,143,4612,13203,12192,92421,1257,7,8,0.54,"四"
"28","台南市","V-14","新文橋",296,63,"E120.2272","N23.25988","台1線","新營","龜子港",289,759,296,725,"平原區",7,28,"南",3.5,3.5,NA,NA,NA,2.2,NA,4.8,8241,105,51,7,133,4073,12610,11747,88270,1066,17,18,0.54,"四"
"29","台南市","V-15","隆田橋",303,319,"E120.31547","N23.20058","台1線","龜子港","隆田",296,725,304,374,"平原區",7.6,31,"北",3.5,3.5,NA,NA,NA,4,NA,4.5,5173,43,54,1,96,4622,9989,8845,75916,1008,7,8,0.54,"四"
"30","台南市","V-15","隆田橋",303,319,"E120.31547","N23.20058","台1線","龜子港","隆田",296,725,304,374,"平原區",7.6,31,"南",3.5,3.5,NA,NA,NA,4,NA,4.5,5318,47,47,0,107,3862,9381,8484,71296,861,17,18,0.54,"四"
"31","台南市","V-16","曾文溪橋",309,820,"E120.33916","N23.15722","台1線","隆田","曾文溪橋南端",304,374,310,274,"平原區",5.9,25,"北",3.5,3.5,NA,NA,NA,2,NA,3.5,6884,44,348,18,152,4418,11864,11075,69998,1121,7,8,0.54,"四"
"32","台南市","V-16","曾文溪橋",309,820,"E120.33916","N23.15722","台1線","隆田","曾文溪橋南端",304,374,310,274,"平原區",5.9,25,"南",3.5,3.5,NA,NA,NA,2,NA,3.5,6906,36,299,11,125,4235,11612,10782,68511,1328,7,8,0.54,"四"
"33","台南市","V-17","大營橋",314,800,"E120.31842","N23.10917","台1線","曾文溪橋南端","新市",310,274,318,0,"平原區",7.7,26.8,"北",3.7,3.7,NA,NA,NA,4.5,NA,1.5,5380,93,385,21,355,4167,10401,10143,80088,1146,7,8,0.51,"四"
"34","台南市","V-17","大營橋",314,800,"E120.31842","N23.10917","台1線","曾文溪橋南端","新市",310,274,318,0,"平原區",7.7,26.8,"南",3.7,3.7,NA,NA,NA,4.5,NA,1.5,5345,100,325,21,265,4395,10451,9918,80473,1101,17,18,0.51,"四"
"35","台南市","V-18","高鐵橋下",321,800,"E120.28794","N23.06549","台1線","新市","國道８",318,0,322,600,"平原區",4.6,29,"北",3.5,3.5,3.5,NA,NA,2,NA,2,9677,65,80,18,236,6060,16136,14899,74226,1482,17,18,0.51,"四"
"36","台南市","V-18","高鐵橋下",321,800,"E120.28794","N23.06549","台1線","新市","國道８",318,0,322,600,"平原區",4.6,29,"南",3.5,3.5,3.5,NA,NA,2,NA,2,9229,113,104,10,174,5165,14795,13723,68057,1518,7,8,0.51,"四"
"37","台南市","V-19","豐化橋",323,300,"E120.27621","N23.05767","台1線","國道８","竹子橋",322,600,324,800,"平原區",2.2,20.8,"北",3.5,3.5,NA,NA,NA,2,NA,1.4,10982,105,489,25,396,11317,23314,21059,51291,1655,6,7,0.66,"四"
"38","台南市","V-19","豐化橋",323,300,"E120.27621","N23.05767","台1線","國道８","竹子橋",322,600,324,800,"平原區",2.2,20.8,"南",3.5,3.5,NA,NA,NA,2,NA,1.4,11047,97,550,43,391,12610,24738,22147,54424,3225,17,18,0.66,"四"
"39","台南市","V-20","蔦松橋",326,200,"E120.25414","N23.04192","台1線","竹子橋","永康交流道",324,800,326,200,"平原區",1.4,23,"北",3.5,3.5,NA,NA,NA,2,NA,2.5,16852,103,807,81,568,6190,24601,24498,34441,2169,17,18,0.55,"四"
"40","台南市","V-20","蔦松橋",326,200,"E120.25414","N23.04192","台1線","竹子橋","永康交流道",324,800,326,200,"平原區",1.4,23,"南",3.5,3.5,NA,NA,NA,2,NA,2.5,16241,109,824,64,642,5245,23125,23431,32375,1744,17,18,0.55,"四"
"41","台南市","V-21","鹽行派出所",327,250,"E120.24027","N23.04154","台1線","永康交流道","六甲頂",326,200,329,900,"平原區",3.7,20,"北",3.5,3.5,NA,NA,NA,2,NA,1,17319,317,472,14,267,9792,28181,26200,104270,2039,17,18,0.52,"四"
"42","台南市","V-21","鹽行派出所",327,250,"E120.24027","N23.04154","台1線","永康交流道","六甲頂",326,200,329,900,"平原區",3.7,20,"南",3.5,3.5,NA,NA,NA,2,NA,1,16687,275,497,12,265,8520,26256,24641,97147,1854,14,15,0.52,"四"
"43","台南市","V-22","鐵路路橋",331,500,"E120.22583","N23.01875","台1線","六甲頂","台２０線",329,900,331,700,"平原區",1.8,19,"北",3.5,3.5,NA,NA,NA,2,NA,0.5,16670,186,233,0,36,22916,40041,33448,72074,3046,17,18,0.52,"四"
"44","台南市","V-22","鐵路路橋",331,500,"E120.22583","N23.01875","台1線","六甲頂","台２０線",329,900,331,700,"平原區",1.8,19,"南",3.5,3.5,NA,NA,NA,2,NA,0.5,13772,192,212,1,27,22869,37073,30470,66731,2763,7,8,0.52,"四"
"45","台南市","V-23","五王廟前",333,300,"E120.23406","N23.00814","台1線","台２０線","東門路",331,700,333,800,"平原區",2.1,24,"北",3.5,3.5,NA,NA,NA,2,NA,3,13826,111,112,0,15,17477,31541,26440,66236,1882,7,8,0.51,"四"
"46","台南市","V-23","五王廟前",333,300,"E120.23406","N23.00814","台1線","台２０線","東門路",331,700,333,800,"平原區",2.1,24,"南",3.5,3.5,NA,NA,NA,2,NA,3,12647,90,139,0,22,15036,27934,23582,58661,1808,17,18,0.51,"四"
"47","台南市","V-24","關帝廟前",335,850,"E120.23289","N22.98497","台1線","東門路","後甲圓環",333,800,335,800,"平原區",2,23,"北",3.5,3.5,NA,NA,NA,3,NA,1.5,12328,97,88,0,6,12920,25439,21668,50878,2007,17,18,0.54,"四"
"48","台南市","V-24","關帝廟前",335,850,"E120.23289","N22.98497","台1線","東門路","後甲圓環",333,800,335,800,"平原區",2,23,"南",3.5,3.5,NA,NA,NA,3,NA,1.5,11630,102,114,0,2,11018,22866,19673,45732,1741,7,8,0.54,"四"
"49","台南市","V-25","文化中心",337,450,"E120.22144","N22.97389","台1線","後甲圓環","大同路",335,800,337,700,"平原區",1.9,24,"北",3.5,3.5,NA,NA,NA,3,NA,2,11211,101,67,0,28,10299,21706,18757,41241,1617,7,8,0.51,"四"
"50","台南市","V-25","文化中心",337,450,"E120.22144","N22.97389","台1線","後甲圓環","大同路",335,800,337,700,"平原區",1.9,24,"南",3.5,3.5,NA,NA,NA,3,NA,2,10317,82,68,0,33,9846,20346,17533,38657,1559,18,19,0.51,"四"
"51","台南市","V-26","牛稠仔",340,200,"E120.21628","N22.96467","台1線","大同路","台８６線",337,700,343,0,"平原區",5.3,24,"北",3.5,3.5,NA,NA,NA,3,NA,2,13218,150,249,1,56,16831,30505,25770,161677,2777,18,19,0.54,"四"
"52","台南市","V-26","牛稠仔",340,200,"E120.21628","N22.96467","台1線","大同路","台８６線",337,700,343,0,"平原區",5.3,24,"南",3.5,3.5,NA,NA,NA,3,NA,2,10348,133,175,1,52,9576,20285,17673,107511,2352,7,8,0.54,"四"
"53","台南市","V-27","二層行橋",344,560,"E120.22597","N22.91694","台1線","台８６線","高雄市界",343,0,344,949,"平原區",1.9,26,"北",3.5,3.5,3.5,NA,NA,2,NA,0.5,11422,81,383,3,102,11658,23649,20595,44933,2282,7,8,0.53,"四"
"54","台南市","V-27","二層行橋",344,560,"E120.22597","N22.91694","台1線","台８６線","高雄市界",343,0,344,949,"平原區",1.9,26,"南",3.5,3.5,3.5,NA,NA,2,NA,0.5,10801,82,373,8,101,9990,21355,18804,40575,2056,7,8,0.53,"四"
"55","雲林縣","V-28","新榮橋",4,0,"E120.519982","N23.730543","台1丁線","莿桐","斗六",0,0,7,250,"平原區",7.2,16.8,"北",3.7,3.7,NA,NA,NA,NA,NA,1,7946,120,202,10,192,3501,11971,11136,87388,1413,7,8,0.54,"四"
"56","雲林縣","V-28","新榮橋",4,0,"E120.519982","N23.730543","台1丁線","莿桐","斗六",0,0,7,250,"平原區",7.2,16.8,"南",3.7,3.7,NA,NA,NA,NA,NA,1,8720,138,203,1,207,3623,12892,12030,94112,1191,17,18,0.54,"四"
"57","雲林縣","V-29","新光陸橋",12,750,"E120.490098","N23.683992","台1丁線","斗六","斗南",7,250,14,11,"平原區",6.8,19.4,"北",3.5,3.5,NA,NA,NA,2,NA,0.4,9022,97,111,5,80,4370,13685,12649,93058,1395,7,8,0.52,"四"
"58","雲林縣","V-29","新光陸橋",12,750,"E120.490098","N23.683992","台1丁線","斗六","斗南",7,250,14,11,"平原區",6.8,19.4,"南",3.5,3.5,NA,NA,NA,2,NA,1,8279,84,141,6,73,3899,12482,11583,84878,1286,17,18,0.52,"四"
"59","雲林縣","V-30","北林內陸橋",239,500,"E120.633538","N23.771975","台3線","南雲大橋南端","林內",236,940,245,700,"平原區",8.8,16.1,"北",3.7,3.7,NA,NA,NA,NA,NA,0.8,2416,7,68,2,65,573,3131,3074,27553,295,7,8,0.54,"四"
"60","雲林縣","V-30","北林內陸橋",239,500,"E120.633538","N23.771975","台3線","南雲大橋南端","林內",236,940,245,700,"平原區",8.8,16.1,"南",3.7,3.7,NA,NA,NA,NA,NA,0.5,2478,3,32,2,85,488,3088,3085,27174,347,17,18,0.54,"四"
"61","雲林縣","V-31","海豐崙橋",249,0,"E120.563930","N23.715370","台3線","林內","斗六",245,700,253,200,"平原區",7.5,21.4,"北",3.7,3.5,NA,NA,NA,2,NA,1.5,9556,47,219,3,21,6843,16689,14818,125168,1493,11,12,0.59,"日"
"62","雲林縣","V-31","海豐崙橋",249,0,"E120.563930","N23.715370","台3線","林內","斗六",245,700,253,200,"平原區",7.5,21.4,"南",3.7,3.5,NA,NA,NA,2,NA,1.5,9942,59,234,7,25,7526,17793,15746,133448,2180,7,8,0.59,"日"
"63","雲林縣","V-32","仰山橋",255,750,"E120.537725","N23.675210","台3線","斗六","溝壩",253,200,256,700,"平原區",3.5,19,"北",3.5,3.5,NA,NA,NA,NA,NA,2.5,11040,72,155,2,62,2739,14070,13216,49245,1310,14,15,0.52,"日"
"64","雲林縣","V-32","仰山橋",255,750,"E120.537725","N23.675210","台3線","斗六","溝壩",253,200,256,700,"平原區",3.5,19,"南",3.5,3.5,NA,NA,NA,NA,NA,2.5,10900,80,173,2,37,2993,14185,13193,49648,1411,12,13,0.52,"日"
"65","雲林縣","V-33","永光",261,500,"E120.549655","N23.625463","台3線","溝壩","永光",256,700,261,300,"平原區",4.6,20.4,"北",3.5,3.5,NA,NA,NA,2,NA,1,3247,60,125,1,38,1079,4550,4397,20930,562,15,16,0.53,"日"
"66","雲林縣","V-33","永光",261,500,"E120.549655","N23.625463","台3線","溝壩","永光",256,700,261,300,"平原區",4.6,20.4,"南",3.5,3.5,NA,NA,NA,2.6,NA,0.8,2858,71,101,1,45,918,3994,3898,18372,508,15,16,0.53,"日"
"67","雲林縣","V-34","興昌國小",263,500,"E120.53809","N23.61193","台3線","永光","雲祥橋南端",261,300,265,998,"平原區",4.7,12.2,"北",3.6,NA,NA,NA,NA,2,NA,0.5,2508,35,67,1,29,711,3351,3158,15750,372,17,18,0.61,"日"
"68","雲林縣","V-34","興昌國小",263,500,"E120.53809","N23.61193","台3線","永光","雲祥橋南端",261,300,265,998,"平原區",4.7,12.2,"南",3.6,NA,NA,NA,NA,2,NA,0.5,2163,50,88,1,12,670,2984,2813,14025,236,17,18,0.61,"日"
"69","嘉義縣","V-35","尾庄",267,508,"E120.54088","N23.59025","台3線","雲嘉縣界","梅山",265,998,268,800,"平原區",2.8,11.8,"北",3.4,NA,NA,NA,NA,2.2,NA,0.3,6237,66,250,0,5,1417,7975,7593,22330,781,16,17,0.59,"日"
"70","嘉義縣","V-35","尾庄",267,508,"E120.54088","N23.59025","台3線","雲嘉縣界","梅山",265,998,268,800,"平原區",2.8,11.8,"南",3.4,NA,NA,NA,NA,2.2,NA,0.3,5989,67,195,0,9,1312,7572,7196,21202,535,16,17,0.59,"日"
"71","嘉義縣","V-36","梅山市場",269,165,"E120.55875","N23.58172","台3線","梅山","梅山市場",268,800,269,500,"平原區",0.7,10.9,"北",3.3,NA,NA,NA,NA,1.8,NA,0.3,2530,22,30,0,0,3150,5732,4209,4012,406,9,10,0.51,"日"
"72","嘉義縣","V-36","梅山市場",269,165,"E120.55875","N23.58172","台3線","梅山","梅山市場",268,800,269,500,"平原區",0.7,10.9,"南",3,NA,NA,NA,NA,1.8,NA,0.7,2588,34,19,0,0,2772,5413,4080,3789,395,9,10,0.51,"日"
"73","嘉義縣","V-37","竹崎大橋",277,350,"E120.54613","N23.52497","台3線","梅山市場","竹崎",269,500,277,350,"平原區",7.8,11.1,"北",3,NA,NA,NA,NA,2,NA,0.3,2297,25,28,0,3,1729,4082,3277,32248,324,15,16,0.54,"日"
"74","嘉義縣","V-37","竹崎大橋",277,350,"E120.54613","N23.52497","台3線","梅山市場","竹崎",269,500,277,350,"平原區",7.8,11.1,"南",3,NA,NA,NA,NA,2,NA,0.8,2130,25,24,0,1,1415,3595,2939,28401,274,15,16,0.54,"日"
"75","嘉義縣","V-38","興產橋",280,334,"E120.53536","N23.50041","台3線","竹崎","鹿滿",277,350,280,650,"平原區",3.3,12.3,"北",3.5,3,NA,NA,NA,NA,NA,0.2,6539,72,34,1,11,3322,9979,8727,32931,743,17,18,0.53,"四"
"76","嘉義縣","V-38","興產橋",280,334,"E120.53536","N23.50041","台3線","竹崎","鹿滿",277,350,280,650,"平原區",3.3,12.3,"南",3.4,NA,NA,NA,NA,2,NA,0.2,6094,51,31,1,8,3567,9752,8069,32182,656,17,18,0.53,"四"
"77","嘉義縣","V-39","吳鳳橋",286,650,"E120.53025","N23.45358","台3線","鹿滿","隆興",280,650,287,351,"平原區",6.7,16.8,"北",3.5,3.4,NA,NA,NA,NA,NA,1.5,3668,11,125,0,51,1072,4927,4669,33011,415,17,18,0.52,"四"
"78","嘉義縣","V-39","吳鳳橋",286,650,"E120.53025","N23.45358","台3線","鹿滿","隆興",280,650,287,351,"平原區",6.7,16.8,"南",3.5,3.4,NA,NA,NA,NA,NA,1.5,3548,12,165,0,32,1205,4962,4633,33245,380,11,12,0.52,"四"
"79","嘉義縣","V-40","中埔橋",291,256,"E120.51744","N23.41680","台3線","隆興","同仁",287,351,290,700,"丘陵區",3.3,11.8,"北",3.4,NA,NA,NA,NA,2.2,NA,0.3,2534,23,52,0,2,1206,3817,3372,12596,291,17,18,0.55,"四"
"80","嘉義縣","V-40","中埔橋",291,256,"E120.51744","N23.41680","台3線","隆興","同仁",287,351,290,700,"丘陵區",3.3,11.8,"南",3.4,NA,NA,NA,NA,2.2,NA,0.3,2610,20,48,0,0,1134,3812,3381,12580,354,17,18,0.55,"四"
"81","嘉義縣","V-41","得道橋",295,100,"E120.52688","N23.38436","台3線","同仁","沄水",290,700,295,89,"山嶺區",4.4,7.3,"北",3.3,NA,NA,NA,NA,NA,NA,0.3,971,31,11,0,0,250,1263,1917,5557,402,17,18,0.58,"六"
"82","嘉義縣","V-41","得道橋",295,100,"E120.52688","N23.38436","台3線","同仁","沄水",290,700,295,89,"山嶺區",4.4,7.3,"南",3,NA,NA,NA,NA,NA,NA,0.7,1026,25,14,0,0,257,1322,1991,5817,297,17,18,0.58,"六"
"83","嘉義縣","V-42","和平一號橋",334,782,"E120.61263","N23.30677","台3線","沄水","大埔",295,89,352,700,"山嶺區",57.6,7.1,"北",3,NA,NA,NA,NA,NA,NA,0.3,503,4,5,0,0,176,688,976,39629,104,10,11,0.58,"日"
"84","嘉義縣","V-42","和平一號橋",334,782,"E120.61263","N23.30677","台3線","沄水","大埔",295,89,352,700,"山嶺區",57.6,7.1,"南",3,NA,NA,NA,NA,NA,NA,0.8,478,2,12,0,1,202,695,996,40032,141,10,11,0.58,"日"
"85","嘉義縣","V-43","四維橋",353,549,"E120.55477","N23.22575","台3線","大埔","雙溪",352,700,365,450,"山嶺區",12.8,7,"北",3.2,NA,NA,NA,NA,NA,NA,0.2,329,6,17,0,2,146,500,769,6400,171,11,12,0.59,"日"
"86","嘉義縣","V-43","四維橋",353,549,"E120.55477","N23.22575","台3線","大埔","雙溪",352,700,365,450,"山嶺區",12.8,7,"南",3.4,NA,NA,NA,NA,NA,NA,0.2,349,5,15,0,1,161,531,792,6797,120,11,12,0.59,"日"
"87","臺南市","V-44","楠西北橋",366,357,"E120.49100","N23.18613","台3線","雙溪","竹圍",365,450,371,516,"丘陵區",6.1,23.1,"北",3.7,3.7,NA,NA,NA,2.4,NA,1.5,635,8,23,0,5,351,1022,968,6234,143,10,11,0.5,"日"
"88","臺南市","V-44","楠西北橋",366,357,"E120.49100","N23.18613","台3線","雙溪","竹圍",365,450,371,516,"丘陵區",6.1,23.1,"南",3.7,3.7,NA,NA,NA,2.4,NA,2,699,6,22,0,4,340,1071,1013,6533,141,16,17,0.5,"日"
"89","臺南市","V-45","竹圍橋",372,431,"E120.47775","N23.13522","台3線","竹圍","玉井",371,516,375,300,"丘陵區",3.8,20.8,"北",3.5,3.5,NA,NA,NA,NA,NA,3.4,3404,34,116,0,63,1040,4657,4643,17697,475,11,12,0.51,"六"
"90","臺南市","V-45","竹圍橋",372,431,"E120.47775","N23.13522","台3線","竹圍","玉井",371,516,375,300,"丘陵區",3.8,20.8,"南",3.5,3.5,NA,NA,NA,NA,NA,3.4,2729,28,91,0,61,304,3213,3454,12209,448,16,17,0.51,"六"
"91","臺南市","V-46","高陵橋",376,580,"E120.47602","N23.11175","台3線","玉井","北寮",375,300,383,738,"丘陵區",8.5,15.4,"北",3.5,3.5,NA,NA,NA,NA,NA,0.4,3519,26,217,0,137,1213,5112,5418,43452,495,14,15,0.52,"日"
"92","臺南市","V-46","高陵橋",376,580,"E120.47602","N23.11175","台3線","玉井","北寮",375,300,383,738,"丘陵區",8.5,15.4,"南",3.5,3.5,NA,NA,NA,NA,NA,1,3385,39,215,1,125,1434,5199,5383,44192,527,8,9,0.52,"日"
"93","臺南市","V-47","彩鳳橋",384,876,"E120.48425","N23.4741","台3線","北寮","南化",383,738,385,907,"丘陵區",2.2,16,"北",3.5,3.7,NA,NA,NA,NA,NA,0.8,2363,24,90,0,64,949,3490,3480,7678,395,15,16,0.55,"日"
"94","臺南市","V-47","彩鳳橋",384,876,"E120.48425","N23.4741","台3線","北寮","南化",383,738,385,907,"丘陵區",2.2,16,"南",3.5,4,NA,NA,NA,NA,NA,0.5,2153,19,90,0,70,868,3200,3242,7040,320,10,11,0.55,"日"
"95","臺南市","V-48","西山橋",386,966,"E120.47391","N23.3041","台3線","南化","金馬寮",385,907,389,282,"山嶺區",3.4,15.6,"北",3.5,3.5,NA,NA,NA,NA,NA,1,1419,16,57,0,53,560,2105,3352,7157,452,16,17,0.53,"日"
"96","臺南市","V-48","西山橋",386,966,"E120.47391","N23.3041","台3線","南化","金馬寮",385,907,389,282,"山嶺區",3.4,15.6,"南",3.5,3.5,NA,NA,NA,NA,NA,0.6,1361,15,69,0,67,583,2095,3430,7123,520,10,11,0.53,"日"
"97","雲林縣","V-49","海豐橋",81,200,"E120.244575","N23.739673","台17線","西濱大橋南端","台西",71,282,90,200,"平原區",18.9,16.6,"北",3.5,3.5,NA,NA,NA,NA,NA,1.3,2335,25,62,0,35,1304,3761,3353,71083,395,17,18,0.52,"四"
"98","雲林縣","V-49","海豐橋",81,200,"E120.244575","N23.739673","台17線","西濱大橋南端","台西",71,282,90,200,"平原區",18.9,16.6,"南",3.5,3.5,NA,NA,NA,NA,NA,1.3,2501,28,76,1,48,1378,4032,3631,76205,360,7,8,0.52,"四"
"99","雲林縣","V-50","西湖橋",91,500,"E120.18121","N23.67974","台17線","台西","飛沙",90,200,95,570,"平原區",5.4,16.3,"北",3.6,3.5,NA,NA,NA,NA,NA,1.3,1224,25,53,2,15,592,1911,1748,10319,186,7,8,0.51,"四"
"100","雲林縣","V-50","西湖橋",91,500,"E120.18121","N23.67974","台17線","台西","飛沙",90,200,95,570,"平原區",5.4,16.3,"南",3.6,3.5,NA,NA,NA,NA,NA,0.8,1119,31,55,0,21,591,1817,1667,9812,179,17,18,0.51,"四"
"101","雲林縣","V-51","三姓寮",96,0,"E120.17103","N23.64008","台17線","飛沙","金湖",95,570,98,54,"平原區",2.5,15,"北",3.5,3.5,NA,NA,NA,NA,NA,0.5,1317,6,40,0,16,384,1763,1664,4408,184,17,18,0.57,"四"
"102","雲林縣","V-51","三姓寮",96,0,"E120.17103","N23.64008","台17線","飛沙","金湖",95,570,98,54,"平原區",2.5,15,"南",3.5,3.5,NA,NA,NA,NA,NA,0.5,1455,10,52,0,15,363,1895,1811,4738,139,12,13,0.57,"四"
"103","雲林縣","V-52","成龍二號橋",104,300,"E120.16981","N23.55447","台17線","金湖","雲嘉縣界",98,54,109,938,"平原區",11.9,14.8,"北",3.3,3.3,NA,NA,NA,NA,NA,1,848,17,36,0,2,622,1525,1307,18148,106,7,8,0.53,"四"
"104","雲林縣","V-52","成龍二號橋",104,300,"E120.16981","N23.55447","台17線","金湖","雲嘉縣界",98,54,109,938,"平原區",11.9,14.8,"南",3.3,3.3,NA,NA,NA,NA,NA,0.6,882,18,52,0,1,666,1619,1390,19266,121,16,17,0.53,"四"
"105","嘉義縣","V-53","鰲鼓橋",114,700,"E120.17022","N23.49503","台17線","雲嘉縣界","屯子頭",109,938,116,633,"平原區",6.7,22.3,"北",3.5,3.5,3.5,NA,NA,NA,NA,0.9,802,6,6,1,3,291,1109,1007,7430,136,14,15,0.51,"日"
"106","嘉義縣","V-53","鰲鼓橋",114,700,"E120.17022","N23.49503","台17線","雲嘉縣界","屯子頭",109,938,116,633,"平原區",6.7,22.3,"南",3.5,3.5,3.5,NA,NA,NA,NA,0.4,818,5,7,0,3,373,1206,1070,8080,131,14,15,0.51,"日"
"107","嘉義縣","V-54","新厝橋",126,200,"E120.17228","N23.38756","台17線","屯子頭","新厝橋",116,633,126,200,"平原區",9.6,15.8,"北",3.5,3.5,NA,NA,NA,NA,NA,1,2263,43,12,1,3,978,3300,2945,31680,289,14,15,0.51,"日"
"108","嘉義縣","V-54","新厝橋",126,200,"E120.17228","N23.38756","台17線","屯子頭","新厝橋",116,633,126,200,"平原區",9.6,15.8,"南",3.5,3.5,NA,NA,NA,NA,NA,0.8,2310,49,6,0,1,976,3342,2982,32083,306,13,14,0.51,"日"
"109","嘉義縣","V-55","台電新塭所",135,0,"E120.17228","N23.38756","台17線","新厝橋","嘉南縣界",126,200,137,770,"平原區",11.6,15.6,"北",3.5,3.5,NA,NA,NA,NA,NA,0.8,928,12,36,0,1,489,1466,1296,17006,114,17,18,0.51,"四"
"110","嘉義縣","V-55","台電新塭所",135,0,"E120.17228","N23.38756","台17線","新厝橋","嘉南縣界",126,200,137,770,"平原區",11.6,15.6,"南",3.5,3.5,NA,NA,NA,NA,NA,0.8,971,15,37,0,1,498,1522,1352,17655,108,18,19,0.51,"四"
"111","台南市","V-56","將軍溪橋",146,910,"E120.13605","N23.22938","台17線","嘉南大橋南端溪底寮","後港",137,770,152,594,"平原區",14.8,16.4,"北",3.5,3.5,NA,NA,NA,NA,NA,1.2,1992,12,52,1,10,1085,3152,2772,46650,206,19,20,0.64,"日"
"112","台南市","V-56","將軍溪橋",146,910,"E120.13605","N23.22938","台17線","嘉南大橋南端溪底寮","後港",137,770,152,594,"平原區",14.8,16.4,"南",3.5,3.5,NA,NA,NA,NA,NA,1.2,1706,12,57,1,11,951,2738,2417,40522,362,18,19,0.64,"日"
"113","台南市","V-57","七股溪橋",159,130,"E120.13286","N23.12917","台17線","後港","樹農溪橋",152,594,160,400,"平原區",7.8,15.6,"北",3.5,3.5,NA,NA,NA,NA,NA,0.8,5065,36,223,2,92,2332,7750,7135,60450,696,15,16,0.56,"日"
"114","台南市","V-57","七股溪橋",159,130,"E120.13286","N23.12917","台17線","後港","樹農溪橋",152,594,160,400,"平原區",7.8,15.6,"南",3.5,3.5,NA,NA,NA,NA,NA,0.8,5600,26,209,2,87,2610,8534,7786,66565,903,17,18,0.56,"日"
"115","台南市","V-58","國聖橋南側",164,380,"E120.13547","N23.08156","台17線","樹農溪橋","台江大道",160,400,165,800,"平原區",5.4,26,"北",3.5,3.8,NA,NA,NA,3,NA,2.7,10259,58,53,0,202,4669,15241,14300,82301,1490,17,18,0.55,"日"
"116","台南市","V-58","國聖橋南側",164,380,"E120.13547","N23.08156","台17線","樹農溪橋","台江大道",160,400,165,800,"平原區",5.4,26,"南",3.5,3.8,NA,NA,NA,3,NA,2.7,9904,50,45,3,443,4017,14462,14197,78095,1195,17,18,0.55,"日"
"117","台南市","V-59","海尾橋",171,550,"E120.16540","N23.03242","台17線","台江大道","濱海橋",165,800,172,400,"平原區",6.6,27.6,"北",3.5,3.5,NA,NA,NA,4.5,NA,2.3,11957,27,279,3,229,10106,22601,20187,149167,3415,8,9,0.53,"四"
"118","台南市","V-59","海尾橋",171,550,"E120.16540","N23.03242","台17線","台江大道","濱海橋",165,800,172,400,"平原區",6.6,27.6,"南",3.5,3.5,NA,NA,NA,4.5,NA,2.3,11237,22,277,1,236,12252,24025,20973,158565,3040,17,18,0.53,"四"
"119","台南市","V-60","大港觀海橋",174,300,"E120.18488","N23.01125","台17線","濱海橋","府前路",172,400,176,400,"平原區",4,23,"北",3.5,3.5,NA,NA,NA,3,NA,1.5,17371,43,444,3,239,12262,30362,27411,121448,3150,7,8,0.53,"四"
"120","台南市","V-60","大港觀海橋",174,300,"E120.18488","N23.01125","台17線","濱海橋","府前路",172,400,176,400,"平原區",4,23,"南",3.5,3.5,NA,NA,NA,3,NA,1.5,16997,32,439,1,233,13488,31190,27848,124760,3604,17,18,0.53,"四"
"121","台南市","V-61","新興國中",178,300,"E120.18449","N22.97746","台17線","府前路","中華南路",176,400,180,0,"平原區",3.6,21.6,"北",3.5,3.5,NA,NA,NA,3.5,NA,0.3,13797,120,318,5,178,10026,24444,22021,87998,2178,17,18,0.54,"四"
"122","台南市","V-61","新興國中",178,300,"E120.18449","N22.97746","台17線","府前路","中華南路",176,400,180,0,"平原區",3.6,21.6,"南",3.5,3.5,NA,NA,NA,3.5,NA,0.3,14848,121,301,3,180,7846,23299,21523,83876,2562,7,8,0.54,"四"
"123","台南市","V-62","中油北海站",181,350,"E120.17862","N22.95089","台17線","中華南路","台８６線",180,0,183,100,"平原區",3.1,27,"北",3.5,3.5,NA,NA,NA,3,NA,3.5,13409,65,509,7,362,5195,19547,19015,60596,1894,7,8,0.52,"四"
"124","台南市","V-62","中油北海站",181,350,"E120.17862","N22.95089","台17線","中華南路","台８６線",180,0,183,100,"平原區",3.1,27,"南",3.5,3.5,NA,NA,NA,3,NA,3.5,14168,76,450,10,376,4213,19293,19064,59808,1744,16,17,0.52,"四"
"125","台南市","V-63","二仁溪橋",185,350,"E120.17696","N22.91608","台17線","台８６線","高雄市界",183,100,185,808,"平原區",2.7,26,"北",3.5,3.5,NA,NA,NA,3,NA,3,5608,28,96,0,65,3086,8883,8149,23984,928,17,18,0.54,"日"
"126","台南市","V-63","二仁溪橋",185,350,"E120.17696","N22.91608","台17線","台８６線","高雄市界",183,100,185,808,"平原區",2.7,26,"南",3.5,3.5,NA,NA,NA,3,NA,3,6008,31,110,0,77,3377,9603,8815,25928,1109,15,16,0.54,"日"
"127","嘉義縣","V-64","嘉義高鐵",0,500,"E120.38211","N23.48644","台18線","太保","嘉太大橋",0,0,7,500,"平原區",7.5,26.4,"東",3.5,3.5,3.5,NA,NA,2.2,NA,0.5,5783,20,46,0,10,1771,7630,7152,57225,839,7,8,0.5,"四"
"128","嘉義縣","V-64","嘉義高鐵",0,500,"E120.38211","N23.48644","台18線","太保","嘉太大橋",0,0,7,500,"平原區",7.5,26.4,"西",3.5,3.5,3.5,NA,NA,2.2,NA,0.5,5717,29,45,0,11,1830,7632,7143,57240,853,17,18,0.5,"四"
"129","嘉義縣","V-65","嘉太大橋",7,500,"E120.38211","N23.48644","台18線","嘉太大橋","嘉義縣市西界",7,500,8,510,"平原區",1,27,"東",3.5,3.5,3.5,NA,NA,2.2,NA,0.8,9874,93,80,1,12,2523,12583,11939,12583,1520,17,18,0.59,"四"
"130","嘉義縣","V-65","嘉太大橋",7,500,"E120.38211","N23.48644","台18線","嘉太大橋","嘉義縣市西界",7,500,8,510,"平原區",1,27,"西",3.5,3.5,3.5,NA,NA,2.2,NA,0.8,8399,93,62,1,6,2454,11015,10371,11015,1045,7,8,0.59,"四"
"131","嘉義縣","V-66","軍輝橋",17,800,"E120.45838","N23.45716","台18線","嘉義縣市西界","後庄",8,510,17,972,"平原區",9.5,18.2,"東",3.5,3.5,NA,NA,NA,2,NA,0.1,12034,111,99,0,8,17466,29718,24600,282321,2466,17,18,0.51,"四"
"132","嘉義縣","V-66","軍輝橋",17,800,"E120.45838","N23.45716","台18線","嘉義縣市西界","後庄",8,510,17,972,"平原區",9.5,18.2,"西",3.5,3.5,NA,NA,NA,2,NA,0.1,11154,116,67,0,7,18092,29436,24114,279642,2555,7,8,0.51,"四"
"133","嘉義縣","V-67","中庄橋",19,700,"E120.46755","N23.45116","台18線","後庄","頂六",17,972,21,0,"平原區",3,15,"東",3.4,3.4,NA,NA,NA,NA,NA,0.4,4182,57,82,1,42,2682,7046,6129,21138,530,7,8,0.54,"四"
"134","嘉義縣","V-67","中庄橋",19,700,"E120.46755","N23.45116","台18線","後庄","頂六",17,972,21,0,"平原區",3,15,"西",3.4,3.4,NA,NA,NA,NA,NA,1,4306,49,112,0,45,3022,7534,6496,22602,627,17,18,0.54,"四"
"135","嘉義縣","V-68","義仁橋",24,300,"E120.51505","N23.44219","台18線","頂六","吳鳳廟",21,0,26,900,"平原區",5.9,14.1,"東",3.2,3.2,NA,NA,NA,NA,NA,0.8,7091,81,164,0,105,1528,8969,8691,52917,1103,10,11,0.55,"六"
"136","嘉義縣","V-68","義仁橋",24,300,"E120.51505","N23.44219","台18線","頂六","吳鳳廟",21,0,26,900,"平原區",5.9,14.1,"西",3.2,3.2,NA,NA,NA,NA,NA,0.5,7288,79,129,0,78,1574,9148,8779,53973,1332,17,18,0.55,"六"
"137","嘉義縣","V-69","牛埔仔",31,770,"E120.57875","N23.44755","台18線","吳鳳廟","觸口",26,900,36,0,"平原區",9.1,8.8,"東",3.6,NA,NA,NA,NA,NA,NA,1,4061,84,73,0,8,660,4886,4729,44463,256,16,17,0.83,"日"
"138","嘉義縣","V-69","牛埔仔",31,770,"E120.57875","N23.44755","台18線","吳鳳廟","觸口",26,900,36,0,"平原區",9.1,8.8,"西",3.6,NA,NA,NA,NA,NA,NA,0.6,5241,80,98,0,10,696,6125,5975,55738,1212,16,17,0.83,"日"
"139","嘉義縣","V-70","龍美",50,112,"E120.64980","N23.40669","台18線","觸口","石棹",36,0,63,830,"山嶺區",27.8,8.4,"東",3.6,NA,NA,NA,NA,NA,NA,0.6,1997,47,34,0,1,337,2416,3745,67165,422,16,17,0.69,"日"
"140","嘉義縣","V-70","龍美",50,112,"E120.64980","N23.40669","台18線","觸口","石棹",36,0,63,830,"山嶺區",27.8,8.4,"西",3.6,NA,NA,NA,NA,NA,NA,0.6,2058,29,23,0,4,319,2433,3694,67637,952,16,17,0.69,"日"
"141","嘉義縣","V-71","石棹",63,830,"E120.69644","N23.47233","台18線","石棹","十字路",63,830,76,600,"山嶺區",12.8,9.1,"東",3.5,NA,NA,NA,NA,NA,NA,1,3380,47,30,0,1,427,3885,5889,49728,521,13,14,0.64,"日"
"142","嘉義縣","V-71","石棹",63,830,"E120.69644","N23.47233","台18線","石棹","十字路",63,830,76,600,"山嶺區",12.8,9.1,"西",3.8,NA,NA,NA,NA,NA,NA,0.8,3217,43,31,0,1,359,3651,5562,46733,928,13,14,0.64,"日"
"143","嘉義縣","V-72","十字路",77,90,"E120.75483","N23.49225","台18線","十字路","自忠",76,600,95,661,"山嶺區",19.1,13.6,"東",5.4,NA,NA,NA,NA,NA,NA,1.7,790,32,6,0,2,75,905,1464,17286,242,11,12,0.53,"日"
"144","嘉義縣","V-72","十字路",77,90,"E120.75483","N23.49225","台18線","十字路","自忠",76,600,95,661,"山嶺區",19.1,13.6,"西",4.8,NA,NA,NA,NA,NA,NA,1.7,924,59,10,0,0,132,1125,1863,21488,268,11,12,0.53,"日"
"145","雲林縣","V-73","新闢外環",44,200,"E120.36334","N23.77211","台19線","自強大橋南端","崙背",37,618,45,800,"平原區",8.2,20.4,"北",3.5,3.5,NA,NA,NA,2.4,NA,0.8,1373,7,119,3,68,387,1957,2047,16047,188,15,16,0.51,"日"
"146","雲林縣","V-73","新闢外環",44,200,"E120.36334","N23.77211","台19線","自強大橋南端","崙背",37,618,45,800,"平原區",8.2,20.4,"南",3.5,3.5,NA,NA,NA,2.4,NA,0.8,1125,8,92,1,61,336,1623,1696,13309,178,17,18,0.51,"日"
"147","雲林縣","V-74","新庄橋",49,0,"E120.345341","N23.73888","台19線","崙背","褒忠",45,800,55,700,"平原區",9.9,20.2,"北",3.5,3.5,NA,NA,NA,2.5,NA,0.6,2650,29,140,2,44,675,3540,3515,35046,405,15,16,0.52,"日"
"148","雲林縣","V-74","新庄橋",49,0,"E120.345341","N23.73888","台19線","崙背","褒忠",45,800,55,700,"平原區",9.9,20.2,"南",3.5,3.5,NA,NA,NA,2.5,NA,0.6,3120,21,174,3,34,565,3917,3920,38778,440,7,8,0.52,"日"
"149","雲林縣","V-75","頂厝橋",56,100,"E120.318977","N23.68148","台19線","褒忠","元長",55,700,60,18,"平原區",4.3,25.6,"北",3.5,3.8,NA,NA,NA,2.5,NA,3,4702,35,301,1,127,421,5587,5886,24024,611,15,16,0.52,"六"
"150","雲林縣","V-75","頂厝橋",56,100,"E120.318977","N23.68148","台19線","褒忠","元長",55,700,60,18,"平原區",4.3,25.6,"南",3.5,3.8,NA,NA,NA,2.5,NA,3,5198,32,305,2,184,437,6158,6568,26479,674,15,16,0.52,"六"
"151","雲林縣","V-76","頂寮橋",63,200,"E120.30622","N23.60589","台19線","元長鄉市區","新街",60,18,66,353,"平原區",6.3,18,"北",3.5,3.5,NA,NA,NA,NA,NA,2,3865,79,153,0,59,1294,5450,5167,34335,456,17,18,0.5,"四"
"152","雲林縣","V-76","頂寮橋",63,200,"E120.30622","N23.60589","台19線","元長鄉市區","新街",60,18,66,353,"平原區",6.3,18,"南",3.5,3.5,NA,NA,NA,NA,NA,2,3834,99,166,5,92,1274,5470,5287,34461,450,7,8,0.5,"四"
"153","雲林縣","V-77","溝皂",66,800,"E120.29897","N23.57503","台19線","新街","北港",66,353,67,973,"平原區",1.6,18,"北",3.5,3.5,NA,NA,NA,NA,NA,2,5713,93,32,0,29,3324,9191,7982,14706,667,11,12,0.56,"六"
"154","雲林縣","V-77","溝皂",66,800,"E120.29897","N23.57503","台19線","新街","北港",66,353,67,973,"平原區",1.6,18,"南",3.5,3.5,NA,NA,NA,NA,NA,2,5315,82,24,3,63,1993,7480,6868,11968,517,11,12,0.56,"六"
"155","雲林縣","V-78","港尾二號橋",71,700,"E120.29000","N23.53378","台19線","北港","港尾二號橋",67,973,71,700,"平原區",3.7,18,"北",3.5,3.5,NA,NA,NA,NA,NA,2,2656,13,5,1,10,1180,3865,3425,14301,293,8,9,0.51,"四"
"156","雲林縣","V-78","港尾二號橋",71,700,"E120.29000","N23.53378","台19線","北港","港尾二號橋",67,973,71,700,"平原區",3.7,18,"南",3.5,3.5,NA,NA,NA,NA,NA,2,2743,11,7,0,5,1366,4132,3606,15288,277,17,18,0.51,"四"
"157","嘉義縣","V-79","朴子大橋",82,900,"E120.24430","N23.47317","台19線","港尾二號橋","朴子",71,700,82,900,"平原區",11.2,19.6,"北",3.5,3.5,NA,NA,NA,2.2,NA,0.6,5657,23,162,0,32,3511,9385,8489,105112,750,17,18,0.5,"四"
"158","嘉義縣","V-79","朴子大橋",82,900,"E120.24430","N23.47317","台19線","港尾二號橋","朴子",71,700,82,900,"平原區",11.2,19.6,"南",3.5,3.5,NA,NA,NA,2.2,NA,0.6,5558,23,220,0,26,3279,9106,8296,101987,762,17,18,0.5,"四"
"159","嘉義縣","V-80","豐年橋",88,900,"E120.24633","N23.42194","台19線","朴子","南勢竹",82,900,88,900,"平原區",6,20,"北",3.5,3.5,NA,NA,NA,NA,NA,3,2945,21,44,0,66,928,4004,3798,24024,334,17,18,0.55,"四"
"160","嘉義縣","V-80","豐年橋",88,900,"E120.24633","N23.42194","台19線","朴子","南勢竹",82,900,88,900,"平原區",6,20,"南",3.5,3.5,NA,NA,NA,NA,NA,3,2936,16,54,2,50,907,3965,3741,23790,272,17,18,0.55,"四"
"161","嘉義縣","V-81","角帶圍橋",97,200,"E120.25586","N23.34786","台19線","南勢竹","嘉南縣界",88,900,100,107,"平原區",11.2,18,"北",3.5,3.5,NA,NA,NA,NA,NA,2,2015,15,138,1,51,819,3039,2892,34037,234,17,18,0.53,"四"
"162","嘉義縣","V-81","角帶圍橋",97,200,"E120.25586","N23.34786","台19線","南勢竹","嘉南縣界",88,900,100,107,"平原區",11.2,18,"南",3.5,3.5,NA,NA,NA,NA,NA,2,1843,17,139,3,64,677,2743,2685,30722,263,7,8,0.53,"四"
"163","台南市","V-82","宅港橋",110,0,"E120.20333","N23.25277","台19線","嘉南縣界","學甲",100,107,113,611,"平原區",13.5,16,"北",3.5,3.5,NA,NA,NA,NA,NA,1,3245,62,132,6,27,1329,4801,4432,64814,500,17,18,0.52,"四"
"164","台南市","V-82","宅港橋",110,0,"E120.20333","N23.25277","台19線","嘉南縣界","學甲",100,107,113,611,"平原區",13.5,16,"南",3.5,3.5,NA,NA,NA,NA,NA,1,3516,53,104,4,24,1330,5031,4634,67919,552,9,10,0.52,"四"
"165","台南市","V-83","新城橋",117,100,"E120.18800","N23.20280","台19線","學甲","佳里",113,611,123,105,"平原區",9.5,20.6,"北",3.5,3.8,NA,NA,NA,2.3,NA,0.4,4351,83,102,1,21,3248,7806,6969,74157,710,17,18,0.56,"四"
"166","台南市","V-83","新城橋",117,100,"E120.18800","N23.20280","台19線","學甲","佳里",113,611,123,105,"平原區",9.5,20.6,"南",3.5,3.8,NA,NA,NA,2.3,NA,1,3974,86,94,1,15,2710,6880,6189,65360,559,17,18,0.56,"四"
"167","台南市","V-84","佳南橋",125,750,"E120.19050","N23.14511","台19線","佳里","西港",123,105,128,200,"平原區",5.1,19,"北",3.5,3.5,NA,NA,NA,2,NA,0.5,8013,85,175,3,49,5394,13719,12336,69967,1472,17,18,0.59,"四"
"168","台南市","V-84","佳南橋",125,750,"E120.19050","N23.14511","台19線","佳里","西港",123,105,128,200,"平原區",5.1,19,"南",3.5,3.5,NA,NA,NA,2,NA,0.5,7560,94,138,1,47,4446,12286,11164,62659,1014,17,18,0.59,"四"
"169","台南市","V-85","西港大橋",129,800,"E120.20347","N23.11142","台19線","西港","國道８",128,200,132,0,"平原區",3.8,20,"北",3.5,3.5,NA,NA,NA,2,NA,1,16989,146,421,3,241,11017,28817,26284,109505,2411,17,18,0.58,"四"
"170","台南市","V-85","西港大橋",129,800,"E120.20347","N23.11142","台19線","西港","國道８",128,200,132,0,"平原區",3.8,20,"南",3.5,3.5,NA,NA,NA,2,NA,1,17174,155,405,1,225,10715,28675,26194,108965,3393,7,8,0.58,"四"
"171","台南市","V-86","和順北橋",134,100,"E120.28800","N23.14675","台19線","國道８","安順國中",132,0,134,800,"平原區",2.8,19.4,"北",3.5,3.5,NA,NA,NA,2,NA,0.7,10712,168,412,3,82,8566,19943,17833,55840,2150,7,8,0.52,"四"
"172","台南市","V-86","和順北橋",134,100,"E120.28800","N23.14675","台19線","國道８","安順國中",132,0,134,800,"平原區",2.8,19.4,"南",3.5,3.5,NA,NA,NA,2,NA,0.7,11052,154,497,3,84,9039,20829,18617,58321,1971,17,18,0.52,"四"
"173","台南市","V-87","溪頂寮大橋",139,700,"E120.21539","N23.02575","台19線","安順國中","六甲頂",134,800,140,195,"平原區",5.4,18.2,"北",3.5,3.5,NA,NA,NA,2,NA,0.1,11302,148,64,0,8,17660,29182,24006,157583,1932,7,8,0.52,"四"
"174","台南市","V-87","溪頂寮大橋",139,700,"E120.21539","N23.02575","台19線","安順國中","六甲頂",134,800,140,195,"平原區",5.4,18.2,"南",3.5,3.5,NA,NA,NA,2,NA,0.1,11168,151,50,0,10,19673,31052,25271,167681,2090,7,8,0.52,"四"
"175","台南市","V-88","太子橋",0,923,"E120.27155","N23.30975","台19甲線","鹽水","鐵線橋",0,0,5,338,"平原區",5.3,12.8,"北",3.6,NA,NA,NA,NA,2,NA,0.8,3008,56,126,3,70,2559,5822,4871,30857,493,10,11,0.55,"日"
"176","台南市","V-88","太子橋",0,923,"E120.27155","N23.30975","台19甲線","鹽水","鐵線橋",0,0,5,338,"平原區",5.3,12.8,"南",3.6,NA,NA,NA,NA,2,NA,0.8,3609,63,147,2,56,2986,6863,5696,36374,602,10,11,0.55,"日"
"177","台南市","V-89","中庄",7,166,"E120.27305","N23.25547","台19甲線","鐵線橋","下營",5,338,9,575,"平原區",4.2,12.8,"北",3.6,NA,NA,NA,NA,2,NA,1,2069,16,52,1,17,1206,3361,2862,14116,334,15,16,0.53,"日"
"178","台南市","V-89","中庄",7,166,"E120.27305","N23.25547","台19甲線","鐵線橋","下營",5,338,9,575,"平原區",4.2,12.8,"南",3.6,NA,NA,NA,NA,2,NA,0.6,2240,19,56,2,31,1404,3752,3191,15758,379,15,16,0.53,"日"
"179","台南市","V-90","玄武橋",11,338,"E120.26947","N23.22102","台19甲線","下營","麻豆",9,575,16,386,"平原區",6.8,12.9,"北",3.6,NA,NA,NA,NA,2.2,NA,0.9,3357,29,135,2,59,2203,5785,4970,39338,470,7,8,0.51,"四"
"180","台南市","V-90","玄武橋",11,338,"E120.26947","N23.22102","台19甲線","下營","麻豆",9,575,16,386,"平原區",6.8,12.9,"南",3.6,NA,NA,NA,NA,2.2,NA,0.4,3152,27,129,2,64,1811,5185,4568,35258,485,7,8,0.51,"四"
"181","台南市","V-91","麻善大橋",18,500,"E120.25556","N23.17519","台19甲線","麻豆","溪美",16,386,21,400,"平原區",5,18.4,"北",3.5,3.5,NA,NA,NA,2,NA,0.2,7829,107,191,1,261,8324,16713,14890,83565,2440,8,9,0.61,"四"
"182","台南市","V-91","麻善大橋",18,500,"E120.25556","N23.17519","台19甲線","麻豆","溪美",16,386,21,400,"平原區",5,18.4,"南",3.5,3.5,NA,NA,NA,2,NA,0.2,6058,84,105,0,257,5162,11666,10726,58330,1564,18,19,0.61,"四"
"183","台南市","V-92","善化國中",22,280,"E120.28800","N23.14675","台19甲線","溪美","善化",21,400,24,700,"平原區",3.3,20,"北",3.5,3.5,NA,NA,NA,2,NA,1,5243,78,108,2,25,3597,9053,8121,29875,864,18,19,0.6,"四"
"184","台南市","V-92","善化國中",22,280,"E120.28800","N23.14675","台19甲線","溪美","善化",21,400,24,700,"平原區",3.3,20,"南",3.5,3.5,NA,NA,NA,2,NA,1,5024,79,115,2,28,4576,9824,8609,32419,1319,7,8,0.6,"四"
"185","台南市","V-93","三舍二號橋",28,230,"E120.29486","N23.09719","台19甲線","善化","新市",24,700,30,600,"平原區",5.9,19,"北",3.5,3.5,NA,NA,NA,2,NA,0.5,5691,29,100,2,27,6562,12411,10565,73225,1066,17,18,0.54,"四"
"186","台南市","V-93","三舍二號橋",28,230,"E120.29486","N23.09719","台19甲線","善化","新市",24,700,30,600,"平原區",5.9,19,"南",3.5,3.5,NA,NA,NA,2,NA,0.5,5814,40,161,1,29,6528,12573,10776,74181,1233,7,8,0.54,"四"
"187","台南市","V-94","地政事務所",33,500,"E120.30367","N23.04544","台19甲線","新市","新化外環起點",30,600,33,900,"平原區",3.3,17,"北",3.5,3.8,NA,NA,NA,NA,NA,1.2,4408,78,148,1,29,5870,10534,8359,34762,1434,7,8,0.54,"四"
"188","台南市","V-94","地政事務所",33,500,"E120.30367","N23.04544","台19甲線","新市","新化外環起點",30,600,33,900,"平原區",3.3,17,"南",3.5,3.8,NA,NA,NA,NA,NA,1.2,4534,70,173,1,32,6117,10927,8668,36059,1198,17,18,0.54,"四"
"189","台南市","V-95","一號橋南端",37,800,"E120.32469","N22.97219","台19甲線","新化外環起點","新化外環終點",33,900,39,700,"平原區",5.8,22.4,"北",3.5,3.5,NA,NA,NA,3.7,NA,0.5,1634,26,116,1,79,395,2251,2364,13056,281,7,8,0.5,"四"
"190","台南市","V-95","一號橋南端",37,800,"E120.32469","N22.97219","台19甲線","新化外環起點","新化外環終點",33,900,39,700,"平原區",5.8,22.4,"南",3.5,3.5,NA,NA,NA,3.7,NA,0.5,1568,21,134,0,72,348,2143,2261,12429,285,17,18,0.5,"四"
"191","台南市","V-96","許縣溪橋",46,200,"E120.32469","N22.97219","台19甲線","新化外環終點","關廟",39,700,47,300,"平原區",7.6,17,"北",3.5,4,NA,NA,NA,NA,NA,1,6424,56,284,2,93,3683,10542,9429,80119,1202,17,18,0.57,"四"
"192","台南市","V-96","許縣溪橋",46,200,"E120.32469","N22.97219","台19甲線","新化外環終點","關廟",39,700,47,300,"平原區",7.6,17,"南",3.5,4,NA,NA,NA,NA,NA,1,6735,55,225,1,100,3641,10757,9644,81753,1619,7,8,0.57,"四"
"193","台南市","V-97","保安橋",51,530,"E120.34311","N22.92850","台19甲線","關廟","高雄市界",47,300,57,416,"平原區",10.1,10.4,"北",4,NA,NA,NA,NA,NA,NA,1.2,1862,21,96,1,45,1829,3854,3149,38925,269,7,8,0.58,"四"
"194","台南市","V-97","保安橋",51,530,"E120.34311","N22.92850","台19甲線","關廟","高雄市界",47,300,57,416,"平原區",10.1,10.4,"南",4,NA,NA,NA,NA,NA,NA,1.2,1899,22,100,0,54,1810,3885,3210,39239,371,7,8,0.58,"四"
"195","台南市","V-98","高等法院",0,650,"E120.20956","N22.99558","台20線","民生綠園圓環","臺南火車站",0,0,0,800,"平原區",0.8,21,"東",3.5,3.5,NA,NA,NA,2,NA,1.5,4821,342,9,0,0,5233,10405,9011,8324,839,12,13,0.59,"六"
"196","台南市","V-98","高等法院",0,650,"E120.20956","N22.99558","台20線","民生綠園圓環","臺南火車站",0,0,0,800,"平原區",0.8,21,"西",3.5,3.5,NA,NA,NA,2,NA,1.5,5043,340,11,0,0,7343,12737,10710,10190,1222,17,18,0.59,"六"
"197","台南市","V-99","台南公園",1,500,"E120.21297","N23.00069","台20線","臺南火車站","長榮路",0,800,2,500,"平原區",1.7,18,"東",3.5,3.5,NA,NA,NA,NA,NA,2,7554,304,87,0,2,14145,22092,16634,37556,1304,18,19,0.65,"四"
"198","台南市","V-99","台南公園",1,500,"E120.21297","N23.00069","台20線","臺南火車站","長榮路",0,800,2,500,"平原區",1.7,18,"西",3.5,3.5,NA,NA,NA,NA,NA,2,12873,343,163,1,46,23982,37408,28163,63594,2432,17,18,0.65,"四"
"199","台南市","V-I00","開元橋",3,170,"E120.22628","N23.01119","台20線","長榮路","中華路",2,500,3,700,"平原區",1.2,17,"東",3.5,4,NA,NA,NA,NA,NA,1,8890,154,25,2,2,9593,18666,14927,22399,1254,16,17,0.58,"四"
"200","台南市","V-I00","開元橋",3,170,"E120.22628","N23.01119","台20線","長榮路","中華路",2,500,3,700,"平原區",1.2,17,"西",3.5,4,NA,NA,NA,NA,NA,1,10005,188,24,0,6,17161,27384,20638,32861,1737,7,8,0.58,"四"
"201","台南市","V-I01","陸軍砲訓部",5,200,"E120.28342","N23.03261","台20線","中華路","永康",3,700,6,800,"平原區",3.1,17,"東",3.5,4,NA,NA,NA,NA,NA,1,14649,128,198,0,20,15598,30593,24557,94838,2734,7,8,0.5,"四"
"202","台南市","V-I01","陸軍砲訓部",5,200,"E120.28342","N23.03261","台20線","中華路","永康",3,700,6,800,"平原區",3.1,17,"西",3.5,4,NA,NA,NA,NA,NA,1,13948,161,183,0,29,15097,29418,23610,91196,2697,7,8,0.5,"四"
"203","台南市","V-I02","蜈東橋",7,650,"E120.28342","N23.03261","台20線","永康","王行路",6,800,8,600,"平原區",1.8,19,"東",3.5,4,NA,NA,NA,NA,NA,2,7381,85,204,4,36,7681,15391,12544,27704,1663,17,18,0.56,"四"
"204","台南市","V-I02","蜈東橋",7,650,"E120.28342","N23.03261","台20線","永康","王行路",6,800,8,600,"平原區",1.8,19,"西",3.5,4,NA,NA,NA,NA,NA,2,8050,85,159,3,39,7327,15663,12939,28193,2158,7,8,0.56,"四"
"205","台南市","V-I03","開運橋",10,0,"E120.28342","N23.03261","台20線","王行路","新化",8,600,14,0,"平原區",5.4,17,"東",3.5,4.5,NA,NA,NA,NA,NA,0.5,7611,86,256,0,38,6893,14884,12374,80374,1598,17,18,0.54,"四"
"206","台南市","V-I03","開運橋",10,0,"E120.28342","N23.03261","台20線","王行路","新化",8,600,14,0,"平原區",5.4,17,"西",3.5,4.5,NA,NA,NA,NA,NA,0.5,8800,88,231,1,44,7489,16653,13907,89926,1880,17,18,0.54,"四"
"207","台南市","V-I04","春雨橋",16,350,"E120.33597","N23.06365","台20線","新化","豐德",14,0,20,130,"平原區",6.1,19.4,"東",3.5,3.5,NA,NA,NA,2,NA,0.7,6342,94,387,2,88,2290,9203,8937,56138,1001,9,10,0.54,"日"
"208","台南市","V-I04","春雨橋",16,350,"E120.33597","N23.06365","台20線","新化","豐德",14,0,20,130,"平原區",6.1,19.4,"西",3.5,3.5,NA,NA,NA,2,NA,0.7,6804,99,334,3,58,2148,9446,9141,57621,1171,15,16,0.54,"日"
"209","臺南市","V-I05","拔馬橋",24,500,"E120.39433","N23.5933","台20線","豐德","左鎮",20,130,25,900,"丘陵區",5.8,18.6,"東",3.5,3.5,NA,NA,NA,1.7,NA,0.6,3844,13,92,0,31,1167,5147,5026,29853,655,9,10,0.55,"日"
"210","臺南市","V-I05","拔馬橋",24,500,"E120.39433","N23.5933","台20線","豐德","左鎮",20,130,25,900,"丘陵區",5.8,18.6,"西",3.5,3.5,NA,NA,NA,1.7,NA,0.6,4285,10,89,0,25,1269,5678,5496,32932,800,16,17,0.55,"日"
"211","臺南市","V-I06","玉井橋",35,700,"E120.45808","N23.11930","台20線","左鎮","玉井",25,900,37,100,"丘陵區",11.2,25.4,"東",3.5,3.5,3.5,NA,NA,NA,NA,1,3531,67,86,0,22,2263,5969,5305,66853,472,17,18,0.52,"日"
"212","臺南市","V-I06","玉井橋",35,700,"E120.45808","N23.11930","台20線","左鎮","玉井",25,900,37,100,"丘陵區",11.2,25.4,"西",3.5,3.5,3.5,NA,NA,2.6,NA,0.8,3495,76,105,0,33,2090,5799,5485,64949,505,9,10,0.52,"日"
"213","臺南市","V-I07","頭份橋",42,910,"E120.49722","N23.7441","台20線","玉井","高雄市界",37,100,53,359,"丘陵區",16.2,17.4,"東",3.5,3.5,NA,NA,NA,NA,NA,1.7,1609,18,62,0,41,526,2256,2290,36547,338,9,10,0.52,"六"
"214","臺南市","V-I07","頭份橋",42,910,"E120.49722","N23.7441","台20線","玉井","高雄市界",37,100,53,359,"丘陵區",16.2,17.4,"西",3.5,3.5,NA,NA,NA,NA,NA,1.7,1586,15,52,0,41,540,2234,2249,36191,371,15,16,0.52,"六"
"215","臺南市","V-I08","人仰橋",5,225,"E120.45786","N23.4608","台20乙線","左鎮","南化",0,0,7,855,"丘陵區",7.9,7.4,"東",3.4,NA,NA,NA,NA,NA,NA,0.3,1528,17,23,0,2,474,2044,1895,16148,140,9,10,0.68,"日"
"216","臺南市","V-I08","人仰橋",5,225,"E120.45786","N23.4608","台20乙線","左鎮","南化",0,0,7,855,"丘陵區",7.9,7.4,"西",3.4,NA,NA,NA,NA,NA,NA,0.3,1434,17,28,0,2,502,1983,1830,15666,300,9,10,0.68,"日"
"217","雲林縣","V-I14","橋頭",216,0,"E120.27816","N23.79417","台61線","西濱大橋南端","麥寮",213,975,223,300,"平原區",9.3,19,"北",3.5,3.5,NA,NA,NA,NA,NA,2.5,6623,54,541,56,1690,307,9271,12938,86220,1148,15,16,0.54,"日"
"218","雲林縣","V-I14","橋頭",216,0,"E120.27816","N23.79417","台61線","西濱大橋南端","麥寮",213,975,223,300,"平原區",9.3,19,"南",3.5,3.5,NA,NA,NA,NA,NA,2.5,5544,48,548,81,1660,255,8136,11814,75665,986,9,10,0.54,"日"
"219","雲林縣","V-I15","崙豐",226,500,"E120.224981","N23.73375","台61線","麥寮","五條港",223,300,230,200,"平原區",6.9,19,"北",3.5,3.5,NA,NA,NA,NA,NA,2.5,6247,50,393,50,1210,197,8147,10810,56214,1137,17,18,0.57,"日"
"220","雲林縣","V-I15","崙豐",226,500,"E120.224981","N23.73375","台61線","麥寮","五條港",223,300,230,200,"平原區",6.9,19,"南",3.5,3.5,NA,NA,NA,NA,NA,2.5,5071,55,406,62,1294,186,7074,9943,48811,867,12,13,0.57,"日"
"221","嘉義縣","V-I16","台西交流道",236,0,"E120.16985","N23.669496","台61線","五條港","飛沙",230,200,239,971,"平原區",9.8,20.2,"北",3.5,3.6,NA,NA,NA,NA,NA,3,4526,33,503,83,1341,269,6755,9764,66199,749,17,18,0.58,"四"
"222","嘉義縣","V-I16","台西交流道",236,0,"E120.16985","N23.669496","台61線","五條港","飛沙",230,200,239,971,"平原區",9.8,20.2,"南",3.5,3.6,NA,NA,NA,NA,NA,3,4243,39,449,64,1220,233,6248,8968,61230,1015,15,16,0.58,"四"
"223","嘉義縣","V-I09","高保大橋",7,900,"E120.32528","N23.49036","台37線","新港","高保大橋",0,0,8,0,"平原區",8,19.4,"北",3.5,3.5,NA,NA,NA,2.2,NA,0.5,3387,24,130,5,26,759,4331,4242,34648,380,17,18,0.51,"日"
"224","嘉義縣","V-I09","高保大橋",7,900,"E120.32528","N23.49036","台37線","新港","高保大橋",0,0,8,0,"平原區",8,19.4,"南",3.5,3.5,NA,NA,NA,2.2,NA,0.5,3269,23,118,2,27,716,4155,4069,33240,362,17,18,0.51,"日"
"225","嘉義縣","V-I10","春珠",13,800,"E120.32256","N23.43708","台37線","高保大橋","鹿草",8,0,14,417,"平原區",6.4,26.4,"北",3.5,3.5,3.5,NA,NA,2.2,NA,0.5,4129,63,161,3,35,418,4809,4873,30778,485,15,16,0.53,"日"
"226","嘉義縣","V-I10","春珠",13,800,"E120.32256","N23.43708","台37線","高保大橋","鹿草",8,0,14,417,"平原區",6.4,26.4,"南",3.5,3.5,3.5,NA,NA,2.2,NA,0.5,3948,69,148,2,33,398,4598,4658,29427,542,15,16,0.53,"日"
"227","台南市","V-I11","保吉路北側",3,100,"E120.28579","N23.00671","台39線","新化","大灣東路",0,0,3,200,"平原區",3.2,24,"東",3.5,3.5,NA,NA,NA,4,NA,1,6763,39,466,3,57,7331,14659,12833,46909,2368,7,8,0.59,"四"
"228","台南市","V-I11","保吉路北側",3,100,"E120.28579","N23.00671","台39線","新化","大灣東路",0,0,3,200,"平原區",3.2,24,"西",3.5,3.5,NA,NA,NA,4,NA,1,6495,27,458,5,59,6469,13513,11943,43242,1652,17,18,0.59,"四"
"229","台南市","V-I12","中山路南側",7,700,"E120.27193","N22.96850","台39線","大灣東路","高鐵站",3,200,12,500,"平原區",9.3,24,"東",3.5,3.5,NA,NA,NA,4,NA,1,5469,49,206,1,52,5025,10802,9529,100459,1217,17,18,0.52,"四"
"230","台南市","V-I12","中山路南側",7,700,"E120.27193","N22.96850","台39線","大灣東路","高鐵站",3,200,12,500,"平原區",9.3,24,"西",3.5,3.5,NA,NA,NA,4,NA,1,5422,51,244,3,50,5117,10887,9606,101249,1140,7,8,0.52,"四"
"231","台南市","V-I13","南１６０線北側",15,0,"E120.29371","N22.90994","台39線","高鐵站","高雄市界",12,500,16,371,"平原區",3.9,24,"東",3.5,3.5,NA,NA,NA,4,NA,1,4051,13,25,0,21,2238,6348,5739,24757,505,17,18,0.55,"四"
"232","台南市","V-I13","南１６０線北側",15,0,"E120.29371","N22.90994","台39線","高鐵站","高雄市界",12,500,16,371,"平原區",3.9,24,"西",3.5,3.5,NA,NA,NA,4,NA,1,4196,13,29,1,19,2233,6491,5883,25315,625,17,18,0.55,"四"
"233","雲林縣","V-I17","青蚶",245,500,"E120.15367","N23.58950","台61線","飛沙","濱海橋",239,971,248,200,"平原區",8.2,20,"北",3.5,3.5,NA,NA,NA,NA,NA,3,4031,25,418,46,1133,158,5811,8328,47650,805,12,13,0.58,"六"
"234","雲林縣","V-I17","青蚶",245,500,"E120.15367","N23.58950","台61線","飛沙","濱海橋",239,971,248,200,"平原區",8.2,20,"南",3.5,3.5,NA,NA,NA,NA,NA,3,4202,47,393,50,1177,183,6052,8654,49626,1123,15,16,0.58,"六"
"235","雲林縣","V-I18","成龍大橋",250,700,"E120.17361","N23.55250","台61線","濱海橋","水井",248,200,254,500,"平原區",6.3,20,"北",3.5,3.5,NA,NA,NA,NA,NA,3,5598,62,596,48,1140,257,7701,10303,48516,925,15,16,0.53,"日"
"236","雲林縣","V-I18","成龍大橋",250,700,"E120.17361","N23.55250","台61線","濱海橋","水井",248,200,254,500,"平原區",6.3,20,"南",3.5,3.5,NA,NA,NA,NA,NA,3,5396,39,550,61,1195,244,7485,10194,47156,1059,12,13,0.53,"日"
"237","雲林縣","V-I19","雲嘉大橋",257,500,"E120.17186","N23.50225","台61線","水井","雲嘉大橋",254,500,257,500,"平原區",3,18,"北",3.5,3.5,NA,NA,NA,NA,NA,2,5764,64,604,41,1187,99,7759,10509,23277,1106,15,16,0.54,"日"
"238","雲林縣","V-I19","雲嘉大橋",257,500,"E120.17186","N23.50225","台61線","水井","雲嘉大橋",254,500,257,500,"平原區",3,18,"南",3.5,3.5,NA,NA,NA,NA,NA,2,5614,46,508,53,1219,137,7577,10343,22731,960,12,13,0.54,"日"
"239","嘉義縣","V-I20","網寮橋",266,200,"E120.16186","N23.42586","台61線","雲嘉大橋","布袋",257,500,269,78,"平原區",11.6,19.6,"北",3.5,3.5,NA,NA,NA,NA,NA,2.8,6524,63,534,45,789,357,8312,10136,96419,1434,15,16,0.57,"日"
"240","嘉義縣","V-I20","網寮橋",266,200,"E120.16186","N23.42586","台61線","雲嘉大橋","布袋",257,500,269,78,"平原區",11.6,19.6,"南",3.5,3.5,NA,NA,NA,NA,NA,2.8,5717,52,444,46,786,225,7270,9092,84332,1100,14,15,0.57,"日"
"241","嘉義縣","V-I21","龍宮溪橋",274,100,"E120.15558","N23.42586","台61線","布袋","嘉南大橋",269,78,279,423,"平原區",10.3,19.6,"北",3.5,3.5,NA,NA,NA,NA,NA,2.8,6295,43,43,8,866,142,7397,9132,76189,1061,15,16,0.52,"日"
"242","嘉義縣","V-I21","龍宮溪橋",274,100,"E120.15558","N23.42586","台61線","布袋","嘉南大橋",269,78,279,423,"平原區",10.3,19.6,"南",3.5,3.5,NA,NA,NA,NA,NA,2.8,6293,34,25,7,972,177,7508,9425,77332,960,15,16,0.52,"日"
"243","台南市","V-I22","鯤港橋",283,0,"E120.13100","N23.28522","台61線","嘉南大橋","北門交流道",279,423,283,700,"平原區",4.3,18,"北",3.5,3.5,NA,NA,NA,NA,NA,2,6557,29,420,34,1091,156,8287,10700,35634,1002,15,16,0.5,"日"
"244","台南市","V-I22","鯤港橋",283,0,"E120.13100","N23.28522","台61線","嘉南大橋","北門交流道",279,423,283,700,"平原區",4.3,18,"南",3.5,3.5,NA,NA,NA,NA,NA,2,6505,24,305,40,957,212,8043,10117,34585,984,15,16,0.5,"日"
"245","台南市","V-I23","永華橋",287,0,"E120.11211","N23.25505","台61線","北門交流道","三寮灣交流道",283,700,288,700,"平原區",5,18,"北",3.5,3.5,NA,NA,NA,NA,NA,2,2772,15,166,3,93,127,3176,3408,15880,630,14,15,0.53,"日"
"246","台南市","V-I23","永華橋",287,0,"E120.11211","N23.25505","台61線","北門交流道","三寮灣交流道",283,700,288,700,"平原區",5,18,"南",3.5,3.5,NA,NA,NA,NA,NA,2,2842,17,147,3,80,162,3251,3435,16255,551,16,17,0.53,"日"
"247","台南市","V-I24","將軍",293,0,"E120.9700","N23.20311","台61線","三寮灣交流道","將軍交流道",288,700,292,400,"平原區",3.7,18,"北",3.5,3.5,NA,NA,NA,NA,NA,2,2058,16,67,1,65,36,2243,2403,8299,321,11,12,0.65,"日"
"248","台南市","V-I24","將軍",293,0,"E120.9700","N23.20311","台61線","三寮灣交流道","將軍交流道",288,700,292,400,"平原區",3.7,18,"南",3.5,3.5,NA,NA,NA,NA,NA,2,2850,12,103,4,61,151,3181,3309,11770,587,11,12,0.65,"日"
"249","雲林縣","V-I25","東勢",8,40,"E120.255475","N23.684565","台78線","台西","東勢",0,0,15,262,"平原區",15.3,20.8,"東",3.7,3.7,NA,NA,NA,NA,NA,3,3231,39,141,4,132,169,3716,4011,56855,377,15,16,0.51,"日"
"250","雲林縣","V-I25","東勢",8,40,"E120.255475","N23.684565","台78線","台西","東勢",0,0,15,262,"平原區",15.3,20.8,"西",3.7,3.7,NA,NA,NA,NA,NA,3,2550,54,130,7,147,190,3078,3402,47093,393,17,18,0.51,"日"
"251","雲林縣","V-I26","元長",15,300,"E120.32324","N23.68790","台78線","東勢","虎尾",15,262,25,417,"平原區",10.2,20.8,"東",3.7,3.7,NA,NA,NA,NA,NA,3,7118,96,199,11,281,53,7758,8469,79132,917,17,18,0.51,"四"
"252","雲林縣","V-I26","元長",15,300,"E120.32324","N23.68790","台78線","東勢","虎尾",15,262,25,417,"平原區",10.2,20.8,"西",3.7,3.7,NA,NA,NA,NA,NA,3,7949,100,255,6,285,75,8670,9400,88434,939,7,8,0.51,"四"
"253","雲林縣","V-I27","雲林系統",29,300,"E120.450408","N23.674842","台78線","虎尾","斗南",25,417,30,400,"平原區",5,20.8,"東",3.7,3.7,NA,NA,NA,NA,NA,3,18657,210,1024,26,607,196,20720,22525,103600,1695,17,18,0.55,"六"
"254","雲林縣","V-I27","雲林系統",29,300,"E120.450408","N23.674842","台78線","虎尾","斗南",25,417,30,400,"平原區",5,20.8,"西",3.7,3.7,NA,NA,NA,NA,NA,3,19813,186,964,35,672,177,21847,23765,109235,2093,15,16,0.55,"六"
"255","雲林縣","V-I28","江厝",38,300,"E120.524910","N23.664353","台78線","斗南","斗六",30,400,39,400,"平原區",9,19.8,"東",3.7,3.7,NA,NA,NA,NA,NA,2.5,13893,160,598,30,542,154,15377,16838,138393,1596,17,18,0.5,"日"
"256","雲林縣","V-I28","江厝",38,300,"E120.524910","N23.664353","台78線","斗南","斗六",30,400,39,400,"平原區",9,19.8,"西",3.7,3.7,NA,NA,NA,NA,NA,2.5,13345,144,467,23,607,153,14739,16244,132651,1568,17,18,0.5,"日"
"257","雲林縣","V-I29","田心",40,100,"E120.544152","N23.671107","台78線","斗六","古坑",39,400,42,879,"平原區",3.5,20.8,"東",3.7,3.7,NA,NA,NA,NA,NA,3,9194,136,380,12,547,0,10269,11645,35942,1191,15,16,0.54,"日"
"258","雲林縣","V-I29","田心",40,100,"E120.544152","N23.671107","台78線","斗六","古坑",39,400,42,879,"平原區",3.5,20.8,"西",3.7,3.7,NA,NA,NA,NA,NA,3,9167,97,533,21,521,0,10339,11739,36187,1008,17,18,0.54,"日"
"259","嘉義縣","V-I30","東石大橋",3,650,"E120.18967","N23.45222","台82線","東石端","朴子",0,0,11,500,"平原區",11.5,20,"東",3.5,3.5,NA,NA,NA,2,NA,1,6082,133,274,1,80,1131,7701,7728,88562,966,17,18,0.53,"六"
"260","嘉義縣","V-I30","東石大橋",3,650,"E120.18967","N23.45222","台82線","東石端","朴子",0,0,11,500,"平原區",11.5,20,"西",3.5,3.5,NA,NA,NA,2,NA,1,6222,137,306,5,83,1088,7841,7913,90172,1101,11,12,0.53,"六"
"261","嘉義縣","V-I31","朴子",11,700,"E120.25967","N23.45222","台82線","朴子","馬稠後",11,500,13,800,"平原區",2.3,19,"東",3.5,3.5,NA,NA,NA,NA,NA,2.5,10761,116,504,5,145,57,11588,12175,26652,1377,15,16,0.51,"日"
"262","嘉義縣","V-I31","朴子",11,700,"E120.25967","N23.45222","台82線","朴子","馬稠後",11,500,13,800,"平原區",2.3,19,"西",3.5,3.5,NA,NA,NA,NA,NA,2.5,11099,120,555,5,143,48,11970,12585,27531,1318,11,12,0.51,"日"
"263","嘉義縣","V-I32","後寮",19,0,"E120.32269","N23.42861","台82線","馬稠後","中山高交流道",13,800,22,530,"平原區",8.7,21.2,"東",3.8,3.8,NA,NA,NA,NA,NA,3,12095,149,562,10,175,54,13045,13749,113492,1488,8,9,0.53,"四"
"264","嘉義縣","V-I32","後寮",19,0,"E120.32269","N23.42861","台82線","馬稠後","中山高交流道",13,800,22,530,"平原區",8.7,21.2,"西",3.8,3.8,NA,NA,NA,NA,NA,3,12263,144,519,9,187,92,13214,13901,114962,1666,17,18,0.53,"四"
"265","嘉義縣","V-I33","中庄",31,900,"E120.44503","N23.42944","台82線","中山高交流道","檳榔樹角",22,530,32,0,"平原區",9.5,21.2,"東",3.8,3.8,NA,NA,NA,NA,NA,3,12731,121,117,12,308,38,13327,14072,126607,1148,16,17,0.52,"日"
"266","嘉義縣","V-I33","中庄",31,900,"E120.44503","N23.42944","台82線","中山高交流道","檳榔樹角",22,530,32,0,"平原區",9.5,21.2,"西",3.8,3.8,NA,NA,NA,NA,NA,3,11764,114,100,5,259,38,12280,12900,116660,1047,15,16,0.52,"日"
"267","嘉義縣","V-I34","檳榔樹角",33,100,"E120.45500","N23.43281","台82線","檳榔樹角","溪底寮",32,0,33,959,"平原區",2,21.2,"東",3.8,3.8,NA,NA,NA,NA,NA,3,8076,110,91,9,270,0,8556,9215,17112,863,17,18,0.53,"日"
"268","嘉義縣","V-I34","檳榔樹角",33,100,"E120.45500","N23.43281","台82線","檳榔樹角","溪底寮",32,0,33,959,"平原區",2,21.2,"西",3.8,3.8,NA,NA,NA,NA,NA,3,9399,97,97,8,196,1,9798,10304,19596,977,15,16,0.53,"日"
"269","台南市","V-I35","學甲交流道",9,0,"E120.20928","N23.24027","台84線","學甲交流道","國一",8,640,13,981,"平原區",5.3,18.6,"東",3.5,3.5,NA,NA,NA,NA,NA,2.3,8401,65,635,82,1346,39,10568,13759,56010,994,11,12,0.53,"日"
"270","台南市","V-I35","學甲交流道",9,0,"E120.20928","N23.24027","台84線","學甲交流道","國一",8,640,13,981,"平原區",5.3,18.6,"西",3.5,3.5,NA,NA,NA,NA,NA,2.3,8658,71,417,69,1246,44,10505,13362,55677,1115,17,18,0.53,"日"
"271","台南市","V-I36","西庄交流道",22,0,"E120.30272","N23.18069","台84線","國一","台一",13,981,26,462,"平原區",12.5,18.6,"東",3.5,3.5,NA,NA,NA,NA,NA,2.3,5785,49,463,53,463,122,6935,8175,86688,778,16,17,0.55,"日"
"272","台南市","V-I36","西庄交流道",22,0,"E120.30272","N23.18069","台84線","國一","台一",13,981,26,462,"平原區",12.5,18.6,"西",3.5,3.5,NA,NA,NA,NA,NA,2.3,5873,54,466,37,456,143,7029,8218,87863,943,16,17,0.55,"日"
"273","台南市","V-I37","大內交流道",32,0,"E120.36788","N23.14530","台84線","台一","走馬瀨",26,462,37,800,"平原區",11.3,18.8,"東",3.5,3.6,NA,NA,NA,NA,NA,2.3,6045,53,98,2,65,90,6353,6527,71789,984,17,18,0.58,"六"
"274","台南市","V-I37","大內交流道",32,0,"E120.36788","N23.14530","台84線","台一","走馬瀨",26,462,37,800,"平原區",11.3,18.8,"西",3.5,3.6,NA,NA,NA,NA,NA,2.3,5742,51,91,2,71,67,6024,6215,68071,714,10,11,0.58,"六"
"275","台南市","V-I38","玉豐大橋",40,470,"E120.43550","N23.13744","台84線","走馬瀨","玉井端",37,800,41,428,"平原區",3.6,22,"東",3.5,3.5,NA,NA,NA,2,NA,2,6913,108,272,1,91,1200,8585,8599,30906,773,11,12,0.54,"日"
"276","台南市","V-I38","玉豐大橋",40,470,"E120.43550","N23.13744","台84線","走馬瀨","玉井端",37,800,41,428,"平原區",3.6,22,"西",3.5,3.5,NA,NA,NA,2,NA,2,6348,150,221,0,85,899,7703,7789,27731,660,15,16,0.54,"日"
"277","台南市","V-I39","明興路上方",0,550,"E120.29371","N22.90994","台86線","台１７線","灣裡交流道",0,0,2,0,"平原區",2,18,"東",3.5,3.5,NA,NA,NA,NA,NA,2,15485,49,335,13,554,52,16488,17794,32976,1498,17,18,0.52,"六"
"278","台南市","V-I39","明興路上方",0,550,"E120.29371","N22.90994","台86線","台１７線","灣裡交流道",0,0,2,0,"平原區",2,18,"西",3.5,3.5,NA,NA,NA,NA,NA,2,15994,67,425,21,497,32,17036,18306,34072,1624,11,12,0.52,"六"
"279","台南市","V-I40","路橋下",3,700,"E120.20979","N22.92728","台86線","灣裡交流道","台南交流道",2,0,5,300,"平原區",3.3,18,"東",3.5,3.5,NA,NA,NA,NA,NA,2,21617,104,121,8,460,71,22381,23402,73857,2428,7,8,0.53,"四"
"280","台南市","V-I40","路橋下",3,700,"E120.20979","N22.92728","台86線","灣裡交流道","台南交流道",2,0,5,300,"平原區",3.3,18,"西",3.5,3.5,NA,NA,NA,NA,NA,2,21633,140,118,10,577,9,22487,23786,74207,2159,18,19,0.53,"四"
"281","台南市","V-I41","鋼拱橋",6,0,"E120.28579","N23.00671","台86線","台南交流道","仁德系統交流道",5,300,8,400,"平原區",3.1,19,"東",3.5,3.5,NA,NA,NA,NA,NA,2.5,36686,218,740,37,803,71,38555,40686,119521,3717,17,18,0.5,"六"
"282","台南市","V-I41","鋼拱橋",6,0,"E120.28579","N23.00671","台86線","台南交流道","仁德系統交流道",5,300,8,400,"平原區",3.1,19,"西",3.5,3.5,NA,NA,NA,NA,NA,2.5,37002,199,930,36,732,97,38996,41058,120888,3648,15,16,0.5,"六"
"283","台南市","V-I42","農路高架橋",10,600,"E120.27193","N22.96850","台86線","仁德系統交流道","大潭交流道",8,400,11,600,"平原區",3.2,20,"東",3.5,3.5,NA,NA,NA,NA,NA,3,27143,153,661,39,840,57,28893,31036,92458,3347,10,11,0.52,"六"
"284","台南市","V-I42","農路高架橋",10,600,"E120.27193","N22.96850","台86線","仁德系統交流道","大潭交流道",8,400,11,600,"平原區",3.2,20,"西",3.5,3.5,NA,NA,NA,NA,NA,3,27455,167,549,32,992,49,29244,31631,93581,3636,17,18,0.52,"六"
"285","台南市","V-I43","２１號橋",14,800,"E120.29371","N22.90994","台86線","大潭交流道","歸仁交流道",11,600,16,600,"平原區",5,20,"東",3.5,3.5,NA,NA,NA,NA,NA,3,11193,87,562,34,703,3,12582,14380,62910,1127,14,15,0.5,"六"
"286","台南市","V-I43","２１號橋",14,800,"E120.29371","N22.90994","台86線","大潭交流道","歸仁交流道",11,600,16,600,"平原區",5,20,"西",3.5,3.5,NA,NA,NA,NA,NA,3,10687,88,483,24,699,1,11982,13714,59910,1136,17,18,0.5,"六"
"287","台南市","V-I44","關廟端加油站",18,700,"E120.31644","N22.97389","台86線","歸仁交流道","關廟",16,600,18,900,"平原區",2.3,17.6,"東",3.5,3.5,NA,NA,NA,1.5,NA,0.3,17094,115,333,15,652,458,18667,20089,42934,2537,10,11,0.55,"四"
"288","台南市","V-I44","關廟端加油站",18,700,"E120.31644","N22.97389","台86線","歸仁交流道","關廟",16,600,18,900,"平原區",2.3,17.6,"西",3.5,3.5,NA,NA,NA,1.5,NA,0.3,15928,106,291,14,682,466,17487,18938,40220,2096,17,18,0.55,"四"
"289","嘉義縣","V-I45","大義路",20,400,"E120.48070","N23.45118","台18線","後庄","大義路",20,400,20,500,"平原區",0.1,12.6,"東",3.5,NA,NA,NA,NA,NA,NA,2.8,10693,143,287,3,68,2357,13551,12945,1355,1042,17,18,0.58,"六"
"290","嘉義縣","V-I45","大義路",20,400,"E120.48070","N23.45118","台18線","後庄","大義路",20,400,20,500,"平原區",0.1,12.6,"西",3.5,NA,NA,NA,NA,NA,NA,2.8,11422,130,263,3,44,3075,14937,13887,1494,1457,17,18,0.58,"六"
"291","嘉義縣","V-I46","頂六",21,750,"E120.49472","N23.44583","台18線","大義路","頂六",20,500,21,750,"平原區",1.2,18.2,"東",3.4,3.4,NA,NA,NA,NA,NA,2.3,11752,216,202,5,129,3257,15561,14735,20229,1290,12,13,0.54,"日"
"292","嘉義縣","V-I46","頂六",21,750,"E120.49472","N23.44583","台18線","大義路","頂六",20,500,21,750,"平原區",1.2,18.2,"西",3.4,3.4,NA,NA,NA,NA,NA,2.3,11460,164,195,5,129,3376,15329,14427,19928,1515,15,16,0.54,"日"
"293","台南市","V-I47","西寮里(南２５－１上方)",296,100,"E120.09211","N23.17529","台61線","將軍交流道","七股交流道",292,400,298,300,"平原區",5.9,18,"北",3.5,3.5,NA,NA,NA,NA,NA,2,1960,10,51,0,49,98,2168,2258,12791,343,12,13,0.55,"日"
"294","台南市","V-I47","西寮里(南２５－１上方)",296,100,"E120.09211","N23.17529","台61線","將軍交流道","七股交流道",292,400,298,300,"平原區",5.9,18,"南",3.5,3.5,NA,NA,NA,NA,NA,2,2206,8,77,1,46,133,2471,2555,14579,422,17,18,0.55,"日"
"295","台南市","V-I48","三股里(南３８上方)",304,200,"E120.08631","N23.10283","台61線","七股交流道","十份交流道",298,300,305,0,"平原區",6.7,18,"北",3.5,3.5,NA,NA,NA,NA,NA,2,1802,9,71,1,53,105,2041,2148,13675,314,16,17,0.57,"日"
"296","台南市","V-I48","三股里(南３８上方)",304,200,"E120.08631","N23.10283","台61線","七股交流道","十份交流道",298,300,305,0,"平原區",6.7,18,"南",3.5,3.5,NA,NA,NA,NA,NA,2,2173,13,70,2,45,141,2444,2524,16375,418,18,19,0.57,"日"
"297","台南市","V-I49","鯤鯓橋",141,374,"E120.13","N23.283","台17線","嘉南縣界","溪底寮",137,770,144,568,"平原區",6.8,17.6,"北",3.5,4,NA,NA,NA,NA,NA,1.3,3133,56,65,0,17,1290,4561,4140,31015,672,17,18,0.57,"日"
"298","台南市","V-I49","鯤鯓橋",141,374,"E120.13","N23.283","台17線","嘉南縣界","溪底寮",137,770,144,568,"平原區",6.8,17.6,"南",3.5,4,NA,NA,NA,NA,NA,1.3,2599,60,74,1,24,1024,3782,3489,25718,512,10,11,0.57,"日"
"299","台南市","V-I50","北門交流道",1,200,"E120.13849","N23.27456","台84線","起點","學甲交流道",0,0,8,640,"平原區",8.6,18.6,"東",3.5,3.5,NA,NA,NA,NA,NA,2.3,6519,100,398,59,1021,74,8171,10550,70271,819,18,19,0.58,"日"
"300","台南市","V-I50","北門交流道",1,200,"E120.13849","N23.27456","台84線","起點","學甲交流道",0,0,8,640,"平原區",8.6,18.6,"西",3.5,3.5,NA,NA,NA,NA,NA,2.3,6541,122,463,47,866,134,8173,10238,70288,1126,10,11,0.58,"日"
"301","嘉義縣","V-I51","口湖南下出口匝道",245,600,"E120.15306","N23.58823","台61線","口湖南下出口匝道","口湖南下出口匝道",245,600,245,600,"平原區",0,5.2,"北",NA,NA,NA,NA,NA,NA,NA,NA,0,0,0,0,0,0,0,0,0,0,10,11,1,"六"
"302","嘉義縣","V-I51","口湖南下出口匝道",245,600,"E120.15306","N23.58823","台61線","口湖南下出口匝道","口湖南下出口匝道",245,600,245,600,"平原區",0,5.2,"南",3.8,NA,NA,NA,NA,NA,NA,1.4,905,7,44,7,90,56,1109,1326,0,235,10,11,1,"六"
"303","嘉義縣","V-I52","口湖北上出口匝道",247,300,"E120.15160","N23.57456","台61線","口湖北上出口匝道","口湖北上出口匝道",247,300,247,300,"平原區",0,5.2,"北",3.8,NA,NA,NA,NA,NA,NA,1.4,931,12,48,1,27,109,1128,1190,0,190,17,18,1,"日"
"304","嘉義縣","V-I52","口湖北上出口匝道",247,300,"E120.15160","N23.57456","台61線","口湖北上出口匝道","口湖北上出口匝道",247,300,247,300,"平原區",0,5.2,"南",NA,NA,NA,NA,NA,NA,NA,NA,0,0,0,0,0,0,0,0,0,0,17,18,1,"日"
"305","嘉義縣","V-I53","口湖休息站",103,700,"E120.15136","N23.57449","台17線","口湖休息站","口湖休息站",103,700,103,700,"平原區",0,26.9,"北",3.5,3.4,3.2,3.2,NA,NA,NA,0.9,3013,40,112,2,43,980,4190,3964,0,485,15,16,0.76,"日"
"306","嘉義縣","V-I53","口湖休息站",103,700,"E120.15136","N23.57449","台17線","口湖休息站","口湖休息站",103,700,103,700,"平原區",0,26.9,"南",3.3,3.4,3.6,3.2,NA,NA,NA,2.4,2362,46,61,1,55,849,3374,3200,0,1508,8,9,0.76,"日"
